id_bairro,cd_geocmu,nome_bairro,numpoints,fonte,data_atualizacao
400033792,5208707,Setor Bueno,20,SMS-Goiânia,2020-04-15
400018492,5208707,Setor Oeste,19,SMS-Goiânia,2020-04-15
400007992,5208707,Setor Jaó,8,SMS-Goiânia,2020-04-15
400046398,5208707,Jd. Valência,6,SMS-Goiânia,2020-04-15
400033192,5208707,Jd. Goiás,6,SMS-Goiânia,2020-04-15
400033692,5208707,Setor Marista,6,SMS-Goiânia,2020-04-15
400019492,5208707,Setor Aeroporto,5,SMS-Goiânia,2020-04-15
400012992,5208707,Setor Leste Universitário,5,SMS-Goiânia,2020-04-15
400034192,5208707,Jardim América,5,SMS-Goiânia,2020-04-15
400031492,5208707,Setor Central,4,SMS-Goiânia,2020-04-15
400005792,5208707,Jd. Guanabara,4,SMS-Goiânia,2020-04-15
400011092,5208707,Setor Negrão de Lima,3,SMS-Goiânia,2020-04-15
400046010,5208707,Alphaville Flamboyant,3,SMS-Goiânia,2020-04-15
400046007,5208707,Res. Aldeia do Vale,2,SMS-Goiânia,2020-04-15
400045907,5208707,Res. Jardim Florença,2,SMS-Goiânia,2020-04-15
400033292,5208707,Setor Sul,2,SMS-Goiânia,2020-04-15
400046146,5208707,Res. Jardins Milão,2,SMS-Goiânia,2020-04-15
400033592,5208707,Setor Pedro Ludovico,2,SMS-Goiânia,2020-04-15
400010292,5208707,Parque Industrial de Goiânia,2,SMS-Goiânia,2020-04-15
400032392,5208707,Jd. Novo Mundo,2,SMS-Goiânia,2020-04-15
400045916,5208707,Res. Recanto do Bosque,2,SMS-Goiânia,2020-04-15
400046125,5208707,Parque das Laranjeiras Acréscimo,2,SMS-Goiânia,2020-04-15
400034292,5208707,Parque Amazônia,2,SMS-Goiânia,2020-04-15
400007792,5208707,Setor Perim,1,SMS-Goiânia,2020-04-15
400021292,5208707,Setor dos Afonsos,1,SMS-Goiânia,2020-04-15
400046455,5208707,Res. Mundo Novo 1,1,SMS-Goiânia,2020-04-15
400046012,5208707,Portal do Sol II,1,SMS-Goiânia,2020-04-15
400027092,5208707,Res. Eldorado,1,SMS-Goiânia,2020-04-15
400045908,5208707,São Domingos,1,SMS-Goiânia,2020-04-15
400046216,5208707,Res. Real Conquista,1,SMS-Goiânia,2020-04-15
400025092,5208707,Ipiranga,1,SMS-Goiânia,2020-04-15
400046084,5208707,Cond. das Esmeraldas,1,SMS-Goiânia,2020-04-15
400007492,5208707,Capuava,1,SMS-Goiânia,2020-04-15
400024892,5208707,Setor Candida de Morais,1,SMS-Goiânia,2020-04-15
400046248,5208707,Dis Vila Rica,1,SMS-Goiânia,2020-04-15
400020892,5208707,Nova Suiça,1,SMS-Goiânia,2020-04-15
400029592,5208707,Vila Maria Dilce,1,SMS-Goiânia,2020-04-15
400017192,5208707,Cidade Jardim,1,SMS-Goiânia,2020-04-15
400045944,5208707,Res. Itália,1,SMS-Goiânia,2020-04-15
400020792,5208707,Jd. Planalto,1,SMS-Goiânia,2020-04-15
400045969,5208707,Res. Forteville,1,SMS-Goiânia,2020-04-15
400045982,5208707,Setor Solar Santa Rita,1,SMS-Goiânia,2020-04-15
400027592,5208707,Celina Park,1,SMS-Goiânia,2020-04-15
400023392,5208707,Jd. Bela Vista,1,SMS-Goiânia,2020-04-15
400006392,5208707,Santa Genoveva,1,SMS-Goiânia,2020-04-15
400021792,5208707,Vila Maria José,1,SMS-Goiânia,2020-04-15
400017692,5208707,Vila Alpes,1,SMS-Goiânia,2020-04-15
400038092,5208707,Chácara Samambaia,1,SMS-Goiânia,2020-04-15
400046106,5208707,Cond Housing Flamboyant,1,SMS-Goiânia,2020-04-15
400015192,5208707,Jd. Ana Lúcia,1,SMS-Goiânia,2020-04-15
400027492,5208707,Parque Oeste Industrial,1,SMS-Goiânia,2020-04-15
400045942,5208707,Jd. das Rosas,1,SMS-Goiânia,2020-04-15
400022092,5208707,Alto da Glória,1,SMS-Goiânia,2020-04-15
400003092,5208707,Jd. Balneário Meia Ponte,1,SMS-Goiânia,2020-04-15
400005192,5208707,Setor Urias Magalhaes,1,SMS-Goiânia,2020-04-15
400031392,5208707,Setor Marechal Rondon,1,SMS-Goiânia,2020-04-15
400006292,5208707,Goiânia 2,1,SMS-Goiânia,2020-04-15
400006692,5208707,Setor Criméia Leste,1,SMS-Goiânia,2020-04-15
400036892,5208707,Parque Eldorado Oeste,1,SMS-Goiânia,2020-04-15
400011192,5208707,Setor Leste Vila Nova,1,SMS-Goiânia,2020-04-15
400015392,5208707,Chácara Santa Rita,1,SMS-Goiânia,2020-04-15
400020092,5208707,Res. Granville,1,SMS-Goiânia,2020-04-15
400030892,5208707,Vila Froes,1,SMS-Goiânia,2020-04-15
400046097,5208707,Jd. São José,1,SMS-Goiânia,2020-04-15
400022492,5208707,Conjunto Anhanguera,1,SMS-Goiânia,2020-04-15
400008792,5208707,Vila Pedroso,1,SMS-Goiânia,2020-04-15
400020492,5208707,Faicalville,1,SMS-Goiânia,2020-04-15
400020992,5208707,Setor Bela Vista,1,SMS-Goiânia,2020-04-15
400010792,5208707,Chácara Elisios Campos,1,SMS-Goiânia,2020-04-15
400046140,5208707,Res. Alice Barbosa,1,SMS-Goiânia,2020-04-15
400046152,5208707,Chácara Vilage Santa Rita,0,SMS-Goiânia,2020-04-15
400002992,5208707,Res. Maria Lourença,0,SMS-Goiânia,2020-04-15
400046408,5208707,Gleba,0,SMS-Goiânia,2020-04-15
400046597,5208707,Gleba,0,SMS-Goiânia,2020-04-15
400046629,5208707,Setor Empresarial,0,SMS-Goiânia,2020-04-15
400007292,5208707,Zona Industrial Pedro Abrão,0,SMS-Goiânia,2020-04-15
400046635,5208707,Gleba,0,SMS-Goiânia,2020-04-15
400046682,5208707,Gleba,0,SMS-Goiânia,2020-04-15
400046387,5208707,Gleba,0,SMS-Goiânia,2020-04-15
400046551,5208707,Gleba,0,SMS-Goiânia,2020-04-15
400045901,5208707,Gleba,0,SMS-Goiânia,2020-04-15
400046379,5208707,Gleba,0,SMS-Goiânia,2020-04-15
400046665,5208707,Gleba,0,SMS-Goiânia,2020-04-15
400046691,5208707,Gleba,0,SMS-Goiânia,2020-04-15
400045995,5208707,Cond. Santa Rita - 7a etapa,0,SMS-Goiânia,2020-04-15
400046058,5208707,Parque Industrial João Braz 2,0,SMS-Goiânia,2020-04-15
400046416,5208707,Gleba,0,SMS-Goiânia,2020-04-15
400046584,5208707,Res. Estrela D'alva,0,SMS-Goiânia,2020-04-15
400046448,5208707,Res. São Geraldo,0,SMS-Goiânia,2020-04-15
400046721,5208707,Gleba,0,SMS-Goiânia,2020-04-15
400046692,5208707,Gleba,0,SMS-Goiânia,2020-04-15
400046695,5208707,Gleba,0,SMS-Goiânia,2020-04-15
400046296,5208707,Gleba,0,SMS-Goiânia,2020-04-15
400046651,5208707,Res. Paulo Estrela,0,SMS-Goiânia,2020-04-15
400046185,5208707,Cond. Santa Rita 4a Etapa,0,SMS-Goiânia,2020-04-15
400046471,5208707,Gleba,0,SMS-Goiânia,2020-04-15
400046405,5208707,Gleba,0,SMS-Goiânia,2020-04-15
400046470,5208707,Gleba,0,SMS-Goiânia,2020-04-15
400046734,5208707,Gleba,0,SMS-Goiânia,2020-04-15
400046514,5208707,Res. Alice Barbosa extensão,0,SMS-Goiânia,2020-04-15
400046735,5208707,Gleba,0,SMS-Goiânia,2020-04-15
400046742,5208707,Gleba,0,SMS-Goiânia,2020-04-15
400046415,5208707,Gleba,0,SMS-Goiânia,2020-04-15
400046354,5208707,Gleba,0,SMS-Goiânia,2020-04-15
400046355,5208707,Gleba,0,SMS-Goiânia,2020-04-15
400027892,5208707,Jd. Europa,0,SMS-Goiânia,2020-04-15
400046199,5208707,Gleba,0,SMS-Goiânia,2020-04-15
400046756,5208707,Gleba,0,SMS-Goiânia,2020-04-15
400046688,5208707,Gleba,0,SMS-Goiânia,2020-04-15
400046690,5208707,Gleba,0,SMS-Goiânia,2020-04-15
400046407,5208707,Jd. Colorado II,0,SMS-Goiânia,2020-04-15
400046729,5208707,Gleba,0,SMS-Goiânia,2020-04-15
400046645,5208707,Gleba,0,SMS-Goiânia,2020-04-15
400046608,5208707,Cond. Bougainville,0,SMS-Goiânia,2020-04-15
400046733,5208707,Gleba,0,SMS-Goiânia,2020-04-15
400046743,5208707,Gleba,0,SMS-Goiânia,2020-04-15
400046542,5208707,Gleba,0,SMS-Goiânia,2020-04-15
400046730,5208707,Gleba,0,SMS-Goiânia,2020-04-15
400046728,5208707,Gleba,0,SMS-Goiânia,2020-04-15
400046731,5208707,Gleba,0,SMS-Goiânia,2020-04-15
400046707,5208707,Gleba,0,SMS-Goiânia,2020-04-15
400046349,5208707,Gleba,0,SMS-Goiânia,2020-04-15
400046480,5208707,Gleba,0,SMS-Goiânia,2020-04-15
400046759,5208707,Gleba,0,SMS-Goiânia,2020-04-15
400046760,5208707,Gleba,0,SMS-Goiânia,2020-04-15
400046516,5208707,Gleba,0,SMS-Goiânia,2020-04-15
400046031,5208707,Gleba,0,SMS-Goiânia,2020-04-15
400046318,5208707,Gleba,0,SMS-Goiânia,2020-04-15
400046142,5208707,Vila Martins Extensão,0,SMS-Goiânia,2020-04-15
400046439,5208707,Gleba,0,SMS-Goiânia,2020-04-15
400046132,5208707,Jd. Clarissa,0,SMS-Goiânia,2020-04-15
400018592,5208707,Gleba,0,SMS-Goiânia,2020-04-15
400045925,5208707,Jd. Abaporu,0,SMS-Goiânia,2020-04-15
400046169,5208707,Lorena Parque Extensão,0,SMS-Goiânia,2020-04-15
400046352,5208707,Gleba,0,SMS-Goiânia,2020-04-15
400046342,5208707,Gleba,0,SMS-Goiânia,2020-04-15
400046340,5208707,Gleba,0,SMS-Goiânia,2020-04-15
400046044,5208707,Jd. Eli Forte - Complemento,0,SMS-Goiânia,2020-04-15
400046339,5208707,Gleba,0,SMS-Goiânia,2020-04-15
400046331,5208707,Gleba,0,SMS-Goiânia,2020-04-15
400046330,5208707,Gleba,0,SMS-Goiânia,2020-04-15
400046483,5208707,Gleba,0,SMS-Goiânia,2020-04-15
400045966,5208707,Conjunto Parque dos Eucaliptos,0,SMS-Goiânia,2020-04-15
400046279,5208707,Gleba,0,SMS-Goiânia,2020-04-15
400046061,5208707,Res. 14 Bis - Extensão,0,SMS-Goiânia,2020-04-15
400030992,5208707,Setor Urias Magalhães II,0,SMS-Goiânia,2020-04-15
400046118,5208707,Res. José Viandeli,0,SMS-Goiânia,2020-04-15
400046529,5208707,Gleba,0,SMS-Goiânia,2020-04-15
400029892,5208707,Vila Ofugi,0,SMS-Goiânia,2020-04-15
400046130,5208707,Gleba,0,SMS-Goiânia,2020-04-15
400045975,5208707,Goiá 2 Complemento,0,SMS-Goiânia,2020-04-15
400046336,5208707,Gleba,0,SMS-Goiânia,2020-04-15
400046524,5208707,Gleba,0,SMS-Goiânia,2020-04-15
400046272,5208707,Gleba,0,SMS-Goiânia,2020-04-15
400046381,5208707,Gleba,0,SMS-Goiânia,2020-04-15
400046015,5208707,Jd. Presidente - Extensão II,0,SMS-Goiânia,2020-04-15
400046049,5208707,Res. Village Santa Rita II,0,SMS-Goiânia,2020-04-15
400046402,5208707,Jd. Colorado I,0,SMS-Goiânia,2020-04-15
400015992,5208707,Vila Irany,0,SMS-Goiânia,2020-04-15
400046023,5208707,Vilag Veneza,0,SMS-Goiânia,2020-04-15
400046070,5208707,Setor Areião II,0,SMS-Goiânia,2020-04-15
400045931,5208707,Capuava Residencial Prive,0,SMS-Goiânia,2020-04-15
400046201,5208707,Jd. Novo Petrópolis,0,SMS-Goiânia,2020-04-15
400046652,5208707,Gleba,0,SMS-Goiânia,2020-04-15
400045929,5208707,Jd. Eli Forte,0,SMS-Goiânia,2020-04-15
400046656,5208707,Res. Portal Anhanguera,0,SMS-Goiânia,2020-04-15
400046487,5208707,Gleba,0,SMS-Goiânia,2020-04-15
400046184,5208707,Gleba,0,SMS-Goiânia,2020-04-15
400046555,5208707,Gleba,0,SMS-Goiânia,2020-04-15
400046647,5208707,Gleba,0,SMS-Goiânia,2020-04-15
400046649,5208707,Gleba,0,SMS-Goiânia,2020-04-15
400046657,5208707,Gleba,0,SMS-Goiânia,2020-04-15
400046650,5208707,Gleba,0,SMS-Goiânia,2020-04-15
400046601,5208707,Gleba,0,SMS-Goiânia,2020-04-15
400046592,5208707,Faz São Jose,0,SMS-Goiânia,2020-04-15
400046658,5208707,Gleba,0,SMS-Goiânia,2020-04-15
400046680,5208707,Gleba,0,SMS-Goiânia,2020-04-15
400046673,5208707,Gleba,0,SMS-Goiânia,2020-04-15
400046674,5208707,Gleba,0,SMS-Goiânia,2020-04-15
400029292,5208707,Vila São Paulo,0,SMS-Goiânia,2020-04-15
400046669,5208707,Gleba,0,SMS-Goiânia,2020-04-15
400046666,5208707,Res. Alphaville,0,SMS-Goiânia,2020-04-15
400046668,5208707,Gleba,0,SMS-Goiânia,2020-04-15
400046677,5208707,Gleba,0,SMS-Goiânia,2020-04-15
400046676,5208707,Gleba,0,SMS-Goiânia,2020-04-15
400046678,5208707,Gleba,0,SMS-Goiânia,2020-04-15
400046675,5208707,Gleba,0,SMS-Goiânia,2020-04-15
400046681,5208707,Gleba,0,SMS-Goiânia,2020-04-15
400046247,5208707,Gleba,0,SMS-Goiânia,2020-04-15
400023592,5208707,Gleba,0,SMS-Goiânia,2020-04-15
400046683,5208707,Gleba,0,SMS-Goiânia,2020-04-15
400046686,5208707,Gleba,0,SMS-Goiânia,2020-04-15
400046646,5208707,Gleba,0,SMS-Goiânia,2020-04-15
400046324,5208707,Gleba,0,SMS-Goiânia,2020-04-15
400046698,5208707,Gleba,0,SMS-Goiânia,2020-04-15
400046705,5208707,Gleba,0,SMS-Goiânia,2020-04-15
400046700,5208707,Gleba,0,SMS-Goiânia,2020-04-15
400045943,5208707,Setor Grajau,0,SMS-Goiânia,2020-04-15
400000001,5208707,Res. Talisma I,0,SMS-Goiânia,2020-04-15
400046708,5208707,Gleba,0,SMS-Goiânia,2020-04-15
400046706,5208707,Gleba,0,SMS-Goiânia,2020-04-15
400046709,5208707,Setor dos Dourados Extensão,0,SMS-Goiânia,2020-04-15
400046429,5208707,Res. Flores do Parque,0,SMS-Goiânia,2020-04-15
400046717,5208707,Gleba,0,SMS-Goiânia,2020-04-15
400046716,5208707,Gleba,0,SMS-Goiânia,2020-04-15
400046761,5208707,Gleba,0,SMS-Goiânia,2020-04-15
400046358,5208707,Gleba,0,SMS-Goiânia,2020-04-15
400046685,5208707,Gleba,0,SMS-Goiânia,2020-04-15
400046703,5208707,Gleba,0,SMS-Goiânia,2020-04-15
400046713,5208707,Gleba,0,SMS-Goiânia,2020-04-15
400046725,5208707,Gleba,0,SMS-Goiânia,2020-04-15
400046723,5208707,Prive Elza Fronza - 2a Etapa,0,SMS-Goiânia,2020-04-15
400046243,5208707,Cond. Samambaia,0,SMS-Goiânia,2020-04-15
400046722,5208707,Gleba,0,SMS-Goiânia,2020-04-15
400046762,5208707,Gleba,0,SMS-Goiânia,2020-04-15
400046724,5208707,Gleba,0,SMS-Goiânia,2020-04-15
400046718,5208707,Gleba,0,SMS-Goiânia,2020-04-15
400045947,5208707,Res. Junqueira,0,SMS-Goiânia,2020-04-15
400046763,5208707,Gleba,0,SMS-Goiânia,2020-04-15
400046764,5208707,Gleba,0,SMS-Goiânia,2020-04-15
400046309,5208707,Gleba,0,SMS-Goiânia,2020-04-15
400046702,5208707,Gleba,0,SMS-Goiânia,2020-04-15
400046711,5208707,Gleba,0,SMS-Goiânia,2020-04-15
400035092,5208707,Chácara Maria Dilce,0,SMS-Goiânia,2020-04-15
400046562,5208707,Res. Aruana - Complemento,0,SMS-Goiânia,2020-04-15
400046727,5208707,Jd. Caravelas 1a Etapa,0,SMS-Goiânia,2020-04-15
400046720,5208707,Gleba,0,SMS-Goiânia,2020-04-15
400034092,5208707,Vila Teófilo Neto,0,SMS-Goiânia,2020-04-15
400046694,5208707,Gleba,0,SMS-Goiânia,2020-04-15
400046755,5208707,Gleba,0,SMS-Goiânia,2020-04-15
400046664,5208707,Jd. Goiás – Área I,0,SMS-Goiânia,2020-04-15
400046719,5208707,Parque Oeste Industrial - Prolongamento,0,SMS-Goiânia,2020-04-15
400046654,5208707,Setor São Jose,0,SMS-Goiânia,2020-04-15
400046570,5208707,Gleba,0,SMS-Goiânia,2020-04-15
400046715,5208707,Gleba,0,SMS-Goiânia,2020-04-15
400046732,5208707,Gleba,0,SMS-Goiânia,2020-04-15
400046469,5208707,Gleba,0,SMS-Goiânia,2020-04-15
400046739,5208707,Gleba,0,SMS-Goiânia,2020-04-15
400046738,5208707,Gleba,0,SMS-Goiânia,2020-04-15
400000003,5208707,Res. Havai - Extensão,0,SMS-Goiânia,2020-04-15
400046040,5208707,Res. Forte Ville - Extensão,0,SMS-Goiânia,2020-04-15
400046737,5208707,Jd. São Jose I,0,SMS-Goiânia,2020-04-15
400046440,5208707,Setor Carolina Park Complemento,0,SMS-Goiânia,2020-04-15
400046736,5208707,Gleba,0,SMS-Goiânia,2020-04-15
400046696,5208707,Gleba,0,SMS-Goiânia,2020-04-15
400046749,5208707,Gleba,0,SMS-Goiânia,2020-04-15
400046744,5208707,Gleba,0,SMS-Goiânia,2020-04-15
400046653,5208707,Gleba,0,SMS-Goiânia,2020-04-15
400046750,5208707,Gleba,0,SMS-Goiânia,2020-04-15
400046197,5208707,Res. Tuzimoto,0,SMS-Goiânia,2020-04-15
400046567,5208707,Gleba,0,SMS-Goiânia,2020-04-15
400046543,5208707,Gleba,0,SMS-Goiânia,2020-04-15
400046701,5208707,Gleba,0,SMS-Goiânia,2020-04-15
400046341,5208707,Gleba,0,SMS-Goiânia,2020-04-15
400046351,5208707,Gleba,0,SMS-Goiânia,2020-04-15
400046574,5208707,Gleba,0,SMS-Goiânia,2020-04-15
400046523,5208707,Gleba,0,SMS-Goiânia,2020-04-15
400035292,5208707,Chácara Maria Dilce,0,SMS-Goiânia,2020-04-15
400046268,5208707,Res. Real,0,SMS-Goiânia,2020-04-15
400046162,5208707,Jd. Lago Azul,0,SMS-Goiânia,2020-04-15
400019092,5208707,Vila Isaura,0,SMS-Goiânia,2020-04-15
400046434,5208707,Res. Orlando de Morais,0,SMS-Goiânia,2020-04-15
400046038,5208707,Jd. Santa Cecilia,0,SMS-Goiânia,2020-04-15
400046394,5208707,Res. Ville de France 1,0,SMS-Goiânia,2020-04-15
400046501,5208707,Gleba,0,SMS-Goiânia,2020-04-15
400046239,5208707,Gleba,0,SMS-Goiânia,2020-04-15
400046493,5208707,Gleba,0,SMS-Goiânia,2020-04-15
400046544,5208707,Gleba,0,SMS-Goiânia,2020-04-15
400046204,5208707,Jd. Gramado,0,SMS-Goiânia,2020-04-15
400046519,5208707,Gleba,0,SMS-Goiânia,2020-04-15
400046234,5208707,Gleba,0,SMS-Goiânia,2020-04-15
400013692,5208707,Gleba,0,SMS-Goiânia,2020-04-15
400046238,5208707,Gleba,0,SMS-Goiânia,2020-04-15
400046670,5208707,Gleba,0,SMS-Goiânia,2020-04-15
400046672,5208707,Gleba,0,SMS-Goiânia,2020-04-15
400046671,5208707,Gleba,0,SMS-Goiânia,2020-04-15
400046699,5208707,Gleba,0,SMS-Goiânia,2020-04-15
400046687,5208707,Gleba,0,SMS-Goiânia,2020-04-15
400046368,5208707,Gleba,0,SMS-Goiânia,2020-04-15
400046065,5208707,Gleba,0,SMS-Goiânia,2020-04-15
400045998,5208707,Cond. Santa Rita - 9a etapa,0,SMS-Goiânia,2020-04-15
400046488,5208707,Gleba,0,SMS-Goiânia,2020-04-15
400046094,5208707,Chácara São José,0,SMS-Goiânia,2020-04-15
400019192,5208707,Vila Paraiso,0,SMS-Goiânia,2020-04-15
400046063,5208707,Vila São José - Extensão,0,SMS-Goiânia,2020-04-15
400046055,5208707,Res. Nunes de Morais 1a Etapa,0,SMS-Goiânia,2020-04-15
400046432,5208707,Res. Fonte das Águas,0,SMS-Goiânia,2020-04-15
400046042,5208707,Res. Talismã,0,SMS-Goiânia,2020-04-15
400046317,5208707,Gleba,0,SMS-Goiânia,2020-04-15
400046127,5208707,Res. Fidélis,0,SMS-Goiânia,2020-04-15
400046400,5208707,Res. Buena Vista I,0,SMS-Goiânia,2020-04-15
400045964,5208707,Carolina Parque,0,SMS-Goiânia,2020-04-15
400019292,5208707,Vila Vera Cruz,0,SMS-Goiânia,2020-04-15
400046333,5208707,Gleba,0,SMS-Goiânia,2020-04-15
400046332,5208707,Gleba,0,SMS-Goiânia,2020-04-15
400025692,5208707,Gleba,0,SMS-Goiânia,2020-04-15
400046679,5208707,Gleba,0,SMS-Goiânia,2020-04-15
400045919,5208707,da Vitória,0,SMS-Goiânia,2020-04-15
400046198,5208707,Gleba,0,SMS-Goiânia,2020-04-15
400046335,5208707,Gleba,0,SMS-Goiânia,2020-04-15
400046334,5208707,Gleba,0,SMS-Goiânia,2020-04-15
400046306,5208707,Gleba,0,SMS-Goiânia,2020-04-15
400046751,5208707,Gleba,0,SMS-Goiânia,2020-04-15
400046446,5208707,Res. Alice Barbosa I,0,SMS-Goiânia,2020-04-15
400046337,5208707,Gleba,0,SMS-Goiânia,2020-04-15
400046327,5208707,Gleba,0,SMS-Goiânia,2020-04-15
400046550,5208707,Gleba,0,SMS-Goiânia,2020-04-15
400046313,5208707,Gleba,0,SMS-Goiânia,2020-04-15
400046310,5208707,Gleba,0,SMS-Goiânia,2020-04-15
400046499,5208707,Gleba,0,SMS-Goiânia,2020-04-15
400046113,5208707,Chácara Coimbra,0,SMS-Goiânia,2020-04-15
400045981,5208707,Chácara Cidade Pompeu,0,SMS-Goiânia,2020-04-15
400046303,5208707,Gleba,0,SMS-Goiânia,2020-04-15
400046580,5208707,Gleba,0,SMS-Goiânia,2020-04-15
400046492,5208707,Gleba,0,SMS-Goiânia,2020-04-15
400046540,5208707,Chácara Vau das Pombas,0,SMS-Goiânia,2020-04-15
400046577,5208707,Gleba,0,SMS-Goiânia,2020-04-15
400046249,5208707,Gleba,0,SMS-Goiânia,2020-04-15
400023892,5208707,Conjunto Fabiana,0,SMS-Goiânia,2020-04-15
400013292,5208707,Condomínio: Residencial Malibu,0,SMS-Goiânia,2020-04-15
400046236,5208707,Gleba,0,SMS-Goiânia,2020-04-15
400046017,5208707,Jd. Presidente - Extensão,0,SMS-Goiânia,2020-04-15
400045978,5208707,Cjr Campus,0,SMS-Goiânia,2020-04-15
400012192,5208707,Res. Sonho Verde Complemento,0,SMS-Goiânia,2020-04-15
400046018,5208707,Parque das Paineiras IV Etapa,0,SMS-Goiânia,2020-04-15
400046293,5208707,Gleba,0,SMS-Goiânia,2020-04-15
400046549,5208707,Gleba,0,SMS-Goiânia,2020-04-15
400046548,5208707,Gleba,0,SMS-Goiânia,2020-04-15
400001592,5208707,Res. Fortaleza,0,SMS-Goiânia,2020-04-15
400046380,5208707,Gleba,0,SMS-Goiânia,2020-04-15
400046552,5208707,Gleba,0,SMS-Goiânia,2020-04-15
400006992,5208707,Cjr Yara,0,SMS-Goiânia,2020-04-15
400046528,5208707,Gleba,0,SMS-Goiânia,2020-04-15
400046363,5208707,Gleba,0,SMS-Goiânia,2020-04-15
400046190,5208707,Gleba,0,SMS-Goiânia,2020-04-15
400046490,5208707,Gleba,0,SMS-Goiânia,2020-04-15
400046517,5208707,Gleba,0,SMS-Goiânia,2020-04-15
400046643,5208707,Gleba,0,SMS-Goiânia,2020-04-15
400046376,5208707,Gleba,0,SMS-Goiânia,2020-04-15
400046530,5208707,Gleba,0,SMS-Goiânia,2020-04-15
400046285,5208707,Gleba,0,SMS-Goiânia,2020-04-15
400046093,5208707,Gleba,0,SMS-Goiânia,2020-04-15
400046217,5208707,Gleba,0,SMS-Goiânia,2020-04-15
400045992,5208707,Gleba,0,SMS-Goiânia,2020-04-15
400046237,5208707,Gleba,0,SMS-Goiânia,2020-04-15
400046219,5208707,Gleba,0,SMS-Goiânia,2020-04-15
400028192,5208707,Gleba,0,SMS-Goiânia,2020-04-15
400046359,5208707,Gleba,0,SMS-Goiânia,2020-04-15
400045906,5208707,Gleba,0,SMS-Goiânia,2020-04-15
400046308,5208707,Gleba,0,SMS-Goiânia,2020-04-15
400046212,5208707,Gleba,0,SMS-Goiânia,2020-04-15
400046027,5208707,Res. Mendanha,0,SMS-Goiânia,2020-04-15
400046397,5208707,Jd. Verona,0,SMS-Goiânia,2020-04-15
400045961,5208707,Res. Olinda,0,SMS-Goiânia,2020-04-15
400046556,5208707,Gleba,0,SMS-Goiânia,2020-04-15
400045951,5208707,Res. São Leopoldo - Complemento,0,SMS-Goiânia,2020-04-15
400012492,5208707,Res. Sonho Verde,0,SMS-Goiânia,2020-04-15
400046559,5208707,Gleba,0,SMS-Goiânia,2020-04-15
400046558,5208707,Gleba,0,SMS-Goiânia,2020-04-15
400046192,5208707,Gleba,0,SMS-Goiânia,2020-04-15
400046594,5208707,Gleba,0,SMS-Goiânia,2020-04-15
400046553,5208707,Gleba,0,SMS-Goiânia,2020-04-15
400046325,5208707,Gleba,0,SMS-Goiânia,2020-04-15
400046091,5208707,Jd. Atenas,0,SMS-Goiânia,2020-04-15
400046019,5208707,Parque das Paineiras III Etapa,0,SMS-Goiânia,2020-04-15
400010392,5208707,Feliz,0,SMS-Goiânia,2020-04-15
400046485,5208707,Jd. Gardênia,0,SMS-Goiânia,2020-04-15
400000002,5208707,Gleba,0,SMS-Goiânia,2020-04-15
400046276,5208707,Gleba,0,SMS-Goiânia,2020-04-15
400020692,5208707,Vila Rezende,0,SMS-Goiânia,2020-04-15
400046689,5208707,Gleba,0,SMS-Goiânia,2020-04-15
400046648,5208707,Gleba,0,SMS-Goiânia,2020-04-15
400046667,5208707,Gleba,0,SMS-Goiânia,2020-04-15
400046710,5208707,Gleba,0,SMS-Goiânia,2020-04-15
400046659,5208707,Gleba,0,SMS-Goiânia,2020-04-15
400046662,5208707,Gleba,0,SMS-Goiânia,2020-04-15
400046714,5208707,Res. Jucelino Kubitschek,0,SMS-Goiânia,2020-04-15
400046758,5208707,Gleba,0,SMS-Goiânia,2020-04-15
400046712,5208707,Gleba,0,SMS-Goiânia,2020-04-15
400046660,5208707,Gleba,0,SMS-Goiânia,2020-04-15
400046661,5208707,Gleba,0,SMS-Goiânia,2020-04-15
400046704,5208707,Gleba,0,SMS-Goiânia,2020-04-15
400046372,5208707,Gleba,0,SMS-Goiânia,2020-04-15
400046539,5208707,Gleba,0,SMS-Goiânia,2020-04-15
400046726,5208707,Gleba,0,SMS-Goiânia,2020-04-15
400046436,5208707,Res. Lucy Pinheiro,0,SMS-Goiânia,2020-04-15
400009292,5208707,Vila Matilde,0,SMS-Goiânia,2020-04-15
400046531,5208707,Gleba,0,SMS-Goiânia,2020-04-15
400046697,5208707,Gleba,0,SMS-Goiânia,2020-04-15
400046757,5208707,Gleba,0,SMS-Goiânia,2020-04-15
400046568,5208707,Gleba,0,SMS-Goiânia,2020-04-15
400046200,5208707,Gleba,0,SMS-Goiânia,2020-04-15
400046693,5208707,Gleba,0,SMS-Goiânia,2020-04-15
400046684,5208707,Gleba,0,SMS-Goiânia,2020-04-15
400046457,5208707,Gleba,0,SMS-Goiânia,2020-04-15
400046741,5208707,Gleba,0,SMS-Goiânia,2020-04-15
400046754,5208707,Gleba,0,SMS-Goiânia,2020-04-15
400046752,5208707,Gleba,0,SMS-Goiânia,2020-04-15
400046753,5208707,Res. Solar Ville Complemento,0,SMS-Goiânia,2020-04-15
400009092,5208707,Jd. Dom Fernando I,0,SMS-Goiânia,2020-04-15
400046403,5208707,Res. Recanto dos Buritis,0,SMS-Goiânia,2020-04-15
400045903,5208707,Vila Fernandes,0,SMS-Goiânia,2020-04-15
400008592,5208707,Jd. Lageado,0,SMS-Goiânia,2020-04-15
400007192,5208707,Chácara Helou,0,SMS-Goiânia,2020-04-15
400046274,5208707,Gleba,0,SMS-Goiânia,2020-04-15
400046191,5208707,Res. Jardins Munique,0,SMS-Goiânia,2020-04-15
400046326,5208707,Gleba,0,SMS-Goiânia,2020-04-15
400046250,5208707,Gleba,0,SMS-Goiânia,2020-04-15
400046350,5208707,Gleba,0,SMS-Goiânia,2020-04-15
400046045,5208707,Res. Village Santa Rita III,0,SMS-Goiânia,2020-04-15
400046345,5208707,Gleba,0,SMS-Goiânia,2020-04-15
400046450,5208707,Res. Campos Verdes quinhão III,0,SMS-Goiânia,2020-04-15
400009392,5208707,Gleba,0,SMS-Goiânia,2020-04-15
400046515,5208707,Jd. Real Extensão,0,SMS-Goiânia,2020-04-15
400046630,5208707,Gleba,0,SMS-Goiânia,2020-04-15
400030392,5208707,Vila São Francisco,0,SMS-Goiânia,2020-04-15
400046474,5208707,Gleba,0,SMS-Goiânia,2020-04-15
400046473,5208707,Gleba,0,SMS-Goiânia,2020-04-15
400046472,5208707,Gleba,0,SMS-Goiânia,2020-04-15
400046066,5208707,Res. Carla Cristina,0,SMS-Goiânia,2020-04-15
400046021,5208707,Parque das Paineiras I,0,SMS-Goiânia,2020-04-15
400046467,5208707,Gleba,0,SMS-Goiânia,2020-04-15
400046466,5208707,Gleba,0,SMS-Goiânia,2020-04-15
400046460,5208707,Res. Della Penna Extensão,0,SMS-Goiânia,2020-04-15
400009492,5208707,Jd. Aroeiras,0,SMS-Goiânia,2020-04-15
400000192,5208707,Setor Estrela Dalva,0,SMS-Goiânia,2020-04-15
400045392,5208707,Gleba,0,SMS-Goiânia,2020-04-15
400045928,5208707,Conjunto Primavera,0,SMS-Goiânia,2020-04-15
400046545,5208707,Gleba,0,SMS-Goiânia,2020-04-15
400046271,5208707,Gleba,0,SMS-Goiânia,2020-04-15
400026792,5208707,Cond. das Oliveiras,0,SMS-Goiânia,2020-04-15
400046221,5208707,Cond. Jardim das Oliveiras II,0,SMS-Goiânia,2020-04-15
400022692,5208707,Vila Redenção,0,SMS-Goiânia,2020-04-15
400046320,5208707,Jd. Corte Real,0,SMS-Goiânia,2020-04-15
400046357,5208707,Gleba,0,SMS-Goiânia,2020-04-15
400046527,5208707,Gleba,0,SMS-Goiânia,2020-04-15
400046525,5208707,Gleba,0,SMS-Goiânia,2020-04-15
400045900,5208707,Gleba,0,SMS-Goiânia,2020-04-15
400046297,5208707,Gleba,0,SMS-Goiânia,2020-04-15
400046521,5208707,Gleba,0,SMS-Goiânia,2020-04-15
400046508,5208707,Gleba,0,SMS-Goiânia,2020-04-15
400046507,5208707,Gleba,0,SMS-Goiânia,2020-04-15
400046506,5208707,Gleba,0,SMS-Goiânia,2020-04-15
400046504,5208707,Gleba,0,SMS-Goiânia,2020-04-15
400046503,5208707,Gleba,0,SMS-Goiânia,2020-04-15
400046502,5208707,Gleba,0,SMS-Goiânia,2020-04-15
400006492,5208707,Granja Agrícola Jacirema,0,SMS-Goiânia,2020-04-15
400045924,5208707,Gleba,0,SMS-Goiânia,2020-04-15
400046278,5208707,Gleba,0,SMS-Goiânia,2020-04-15
400046280,5208707,Gleba,0,SMS-Goiânia,2020-04-15
400046258,5208707,Gleba,0,SMS-Goiânia,2020-04-15
400046101,5208707,Gleba,0,SMS-Goiânia,2020-04-15
400046257,5208707,Cond. São Joaquim,0,SMS-Goiânia,2020-04-15
400022792,5208707,Gleba,0,SMS-Goiânia,2020-04-15
400045905,5208707,Gleba,0,SMS-Goiânia,2020-04-15
400046512,5208707,Gleba,0,SMS-Goiânia,2020-04-15
400046441,5208707,Res. Escocia,0,SMS-Goiânia,2020-04-15
400046511,5208707,Gleba,0,SMS-Goiânia,2020-04-15
400046486,5208707,Gleba,0,SMS-Goiânia,2020-04-15
400046484,5208707,Gleba,0,SMS-Goiânia,2020-04-15
400046302,5208707,Gleba,0,SMS-Goiânia,2020-04-15
400046538,5208707,Gleba,0,SMS-Goiânia,2020-04-15
400046535,5208707,Gleba,0,SMS-Goiânia,2020-04-15
400046413,5208707,Gleba,0,SMS-Goiânia,2020-04-15
400046196,5208707,Gleba,0,SMS-Goiânia,2020-04-15
400046411,5208707,Gleba,0,SMS-Goiânia,2020-04-15
400046323,5208707,Gleba,0,SMS-Goiânia,2020-04-15
400046321,5208707,Gleba,0,SMS-Goiânia,2020-04-15
400046314,5208707,Gleba,0,SMS-Goiânia,2020-04-15
400046282,5208707,Gleba,0,SMS-Goiânia,2020-04-15
400046213,5208707,Gleba,0,SMS-Goiânia,2020-04-15
400046001,5208707,Gleba,0,SMS-Goiânia,2020-04-15
400046147,5208707,Gleba,0,SMS-Goiânia,2020-04-15
400046404,5208707,Gleba,0,SMS-Goiânia,2020-04-15
400045984,5208707,Granjas Brasil,0,SMS-Goiânia,2020-04-15
400046229,5208707,Gleba,0,SMS-Goiânia,2020-04-15
400046208,5208707,Gleba,0,SMS-Goiânia,2020-04-15
400046209,5208707,Gleba,0,SMS-Goiânia,2020-04-15
400046414,5208707,Gleba,0,SMS-Goiânia,2020-04-15
400046273,5208707,Gleba,0,SMS-Goiânia,2020-04-15
400046477,5208707,Gleba,0,SMS-Goiânia,2020-04-15
400046476,5208707,Gleba,0,SMS-Goiânia,2020-04-15
400046475,5208707,Gleba,0,SMS-Goiânia,2020-04-15
400045902,5208707,Chácara Tocafundo,0,SMS-Goiânia,2020-04-15
400045898,5208707,Gleba,0,SMS-Goiânia,2020-04-15
400035392,5208707,Chácara Maria Dilce,0,SMS-Goiânia,2020-04-15
400046399,5208707,Gleba,0,SMS-Goiânia,2020-04-15
400046396,5208707,Gleba,0,SMS-Goiânia,2020-04-15
400046375,5208707,Gleba,0,SMS-Goiânia,2020-04-15
400046491,5208707,Gleba,0,SMS-Goiânia,2020-04-15
400046344,5208707,Gleba,0,SMS-Goiânia,2020-04-15
400046388,5208707,Gleba,0,SMS-Goiânia,2020-04-15
400046456,5208707,Gleba,0,SMS-Goiânia,2020-04-15
400046451,5208707,Res. Campos Verdes quinhão I,0,SMS-Goiânia,2020-04-15
400037492,5208707,Chácara Maringá,0,SMS-Goiânia,2020-04-15
400046554,5208707,Gleba,0,SMS-Goiânia,2020-04-15
400046449,5208707,Res. Portal Petrópolis,0,SMS-Goiânia,2020-04-15
400046437,5208707,Res. Ouro Preto,0,SMS-Goiânia,2020-04-15
400046572,5208707,Gleba,0,SMS-Goiânia,2020-04-15
400045986,5208707,Chácara Mansões Rosa de Ouro,0,SMS-Goiânia,2020-04-15
400046112,5208707,Gleba,0,SMS-Goiânia,2020-04-15
400046098,5208707,Garavelo,0,SMS-Goiânia,2020-04-15
400046187,5208707,Quinta da Boa Vista Fechad,0,SMS-Goiânia,2020-04-15
400046560,5208707,Gleba,0,SMS-Goiânia,2020-04-15
400046371,5208707,Gleba,0,SMS-Goiânia,2020-04-15
400046205,5208707,Jd. Gramado II,0,SMS-Goiânia,2020-04-15
400046319,5208707,Gleba,0,SMS-Goiânia,2020-04-15
400046377,5208707,Gleba,0,SMS-Goiânia,2020-04-15
400046370,5208707,Gleba,0,SMS-Goiânia,2020-04-15
400012292,5208707,Chácara São Francisco de Assis,0,SMS-Goiânia,2020-04-15
400033092,5208707,Gleba,0,SMS-Goiânia,2020-04-15
400009792,5208707,Fazenda Retiro,0,SMS-Goiânia,2020-04-15
400046080,5208707,Gleba,0,SMS-Goiânia,2020-04-15
400009892,5208707,Chácara São Silvestre,0,SMS-Goiânia,2020-04-15
400010992,5208707,Vila Santa Isabel,0,SMS-Goiânia,2020-04-15
400022592,5208707,Chácara Alto da Gloria,0,SMS-Goiânia,2020-04-15
400001692,5208707,Jd. Liberdade,0,SMS-Goiânia,2020-04-15
400008992,5208707,Vila Concórdia,0,SMS-Goiânia,2020-04-15
400029392,5208707,Alphaville Residencial,0,SMS-Goiânia,2020-04-15
400016092,5208707,Vila Santana,0,SMS-Goiânia,2020-04-15
400046077,5208707,Vila Pedroso Extensão,0,SMS-Goiânia,2020-04-15
400046120,5208707,Parque das Flores Complemento,0,SMS-Goiânia,2020-04-15
400006192,5208707,Sir Ipê,0,SMS-Goiânia,2020-04-15
400046079,5208707,Gleba,0,SMS-Goiânia,2020-04-15
400046020,5208707,Parque das Paineiras II Etapa,0,SMS-Goiânia,2020-04-15
400026592,5208707,Solange Parque II,0,SMS-Goiânia,2020-04-15
400017092,5208707,Conjunto Castelo Branco,0,SMS-Goiânia,2020-04-15
400046160,5208707,Jd. Novo Mundo II,0,SMS-Goiânia,2020-04-15
400046150,5208707,Parque Eldorado Oeste Extensão,0,SMS-Goiânia,2020-04-15
400046053,5208707,Res. Luana Park – Continuação,0,SMS-Goiânia,2020-04-15
400046265,5208707,Res. Aquários II,0,SMS-Goiânia,2020-04-15
400011592,5208707,Conjunto Habitacional Aruanã I,0,SMS-Goiânia,2020-04-15
400046022,5208707,Res. Aquários,0,SMS-Goiânia,2020-04-15
400046252,5208707,Res. Beatriz Nascimento,0,SMS-Goiânia,2020-04-15
400045967,5208707,Jd. das Hortências,0,SMS-Goiânia,2020-04-15
400046083,5208707,Res. Linda Vista,0,SMS-Goiânia,2020-04-15
400013892,5208707,Cond. Santa Rita,0,SMS-Goiânia,2020-04-15
400046136,5208707,Res. Vale da Serra,0,SMS-Goiânia,2020-04-15
400009192,5208707,Jd. Dom Fernando II,0,SMS-Goiânia,2020-04-15
400015692,5208707,Cjr Padre Pelágio,0,SMS-Goiânia,2020-04-15
400011892,5208707,Vila Parque Santa Maria,0,SMS-Goiânia,2020-04-15
400046500,5208707,Gleba,0,SMS-Goiânia,2020-04-15
400015492,5208707,dos Aeroviarios,0,SMS-Goiânia,2020-04-15
400033492,5208707,Vila São João,0,SMS-Goiânia,2020-04-15
400020292,5208707,Cjr Cachoeira Dourada,0,SMS-Goiânia,2020-04-15
400011992,5208707,Jd. Brasil,0,SMS-Goiânia,2020-04-15
400045993,5208707,Vila Santa Rita - 5a Etapa,0,SMS-Goiânia,2020-04-15
400046520,5208707,Res. Bethel,0,SMS-Goiânia,2020-04-15
400046464,5208707,Res. Buena Vista IV,0,SMS-Goiânia,2020-04-15
400025592,5208707,Jd. Leblon,0,SMS-Goiânia,2020-04-15
400045492,5208707,Jd. Guanabara IV,0,SMS-Goiânia,2020-04-15
400046494,5208707,Gleba,0,SMS-Goiânia,2020-04-15
400045973,5208707,Conjunto Baliza,0,SMS-Goiânia,2020-04-15
400046128,5208707,Jd. Presidente - Extensão III,0,SMS-Goiânia,2020-04-15
400046417,5208707,Res. Jardins do Cerrado 11,0,SMS-Goiânia,2020-04-15
400010892,5208707,Vila Oswaldo Rosa,0,SMS-Goiânia,2020-04-15
400046173,5208707,Res. Jardins Lisboa,0,SMS-Goiânia,2020-04-15
400005892,5208707,Vila Militar,0,SMS-Goiânia,2020-04-15
400004992,5208707,Panorama Parque,0,SMS-Goiânia,2020-04-15
400032892,5208707,Conjunto Riviera,0,SMS-Goiânia,2020-04-15
400046013,5208707,Res. Prive Atlântico,0,SMS-Goiânia,2020-04-15
400045954,5208707,Res. Eli Forte,0,SMS-Goiânia,2020-04-15
400045899,5208707,Res. Morumbi,0,SMS-Goiânia,2020-04-15
400004792,5208707,Cruzeiro do Sul,0,SMS-Goiânia,2020-04-15
400022992,5208707,Gleba,0,SMS-Goiânia,2020-04-15
400012892,5208707,Vila Romana,0,SMS-Goiânia,2020-04-15
400046287,5208707,Res. Senador Albino Boaventura,0,SMS-Goiânia,2020-04-15
400038392,5208707,Tropical Verde,0,SMS-Goiânia,2020-04-15
400046260,5208707,Chácara Solange Parque II,0,SMS-Goiânia,2020-04-15
400046028,5208707,Res. Dezopi,0,SMS-Goiânia,2020-04-15
400046159,5208707,Res. Costa Paranhos,0,SMS-Goiânia,2020-04-15
400046179,5208707,Res. Itaipú I,0,SMS-Goiânia,2020-04-15
400046424,5208707,Res. Jardins do Cerrado 5,0,SMS-Goiânia,2020-04-15
400046069,5208707,Parque Balneário,0,SMS-Goiânia,2020-04-15
400011492,5208707,Vila Jaraguá,0,SMS-Goiânia,2020-04-15
400046518,5208707,Setor Rio Formoso,0,SMS-Goiânia,2020-04-15
400046050,5208707,Solange Parque Complemento,0,SMS-Goiânia,2020-04-15
400030492,5208707,Vila Clemente,0,SMS-Goiânia,2020-04-15
400037092,5208707,Jd. Colorado,0,SMS-Goiânia,2020-04-15
400046433,5208707,Res. Antônio Carlos Pires,0,SMS-Goiânia,2020-04-15
400046498,5208707,Gleba,0,SMS-Goiânia,2020-04-15
400021892,5208707,Conjunto Vila Isabel,0,SMS-Goiânia,2020-04-15
400046161,5208707,Vila Cristina Extensão,0,SMS-Goiânia,2020-04-15
400046557,5208707,Gleba,0,SMS-Goiânia,2020-04-15
400046039,5208707,Res. Ana Clara,0,SMS-Goiânia,2020-04-15
400032192,5208707,Vila Colemar Natal e Silva,0,SMS-Goiânia,2020-04-15
400046133,5208707,Jd. Pampulha,0,SMS-Goiânia,2020-04-15
400002792,5208707,Res. Recreio Panorama,0,SMS-Goiânia,2020-04-15
400046154,5208707,Res. Vale dos Sonhos II,0,SMS-Goiânia,2020-04-15
400046275,5208707,Cond. Residencial Santa Rita,0,SMS-Goiânia,2020-04-15
400046207,5208707,Res. Licardino Ney,0,SMS-Goiânia,2020-04-15
400046151,5208707,Setor Jardim Ana Flavia,0,SMS-Goiânia,2020-04-15
400032692,5208707,Jardim Califórnia,0,SMS-Goiânia,2020-04-15
400045960,5208707,Res. Recanto das Garças,0,SMS-Goiânia,2020-04-15
400024292,5208707,Gleba,0,SMS-Goiânia,2020-04-15
400026392,5208707,Solange Parque III,0,SMS-Goiânia,2020-04-15
400046043,5208707,Res. Eli Forte - Extensão,0,SMS-Goiânia,2020-04-15
400027792,5208707,Vila Alvorada,0,SMS-Goiânia,2020-04-15
400014892,5208707,Vila Anchieta,0,SMS-Goiânia,2020-04-15
400045917,5208707,Res. Mar Del Plata,0,SMS-Goiânia,2020-04-15
400046300,5208707,Gleba,0,SMS-Goiânia,2020-04-15
400001792,5208707,Vila Mutirão I,0,SMS-Goiânia,2020-04-15
400046004,5208707,Vilag Santa Rita,0,SMS-Goiânia,2020-04-15
400012792,5208707,Vila Bandeirantes,0,SMS-Goiânia,2020-04-15
400046420,5208707,Res. Jardins do Cerrado 4,0,SMS-Goiânia,2020-04-15
400046036,5208707,Res. Clea Borges,0,SMS-Goiânia,2020-04-15
400046587,5208707,Vila Roriz,0,SMS-Goiânia,2020-04-15
400046422,5208707,Res. Jardins do Cerrado 1,0,SMS-Goiânia,2020-04-15
400046121,5208707,Res. Perim Continuação,0,SMS-Goiânia,2020-04-15
400046223,5208707,Gleba,0,SMS-Goiânia,2020-04-15
400013192,5208707,Jd. Nova Esperanca,0,SMS-Goiânia,2020-04-15
400046062,5208707,Vila São Jose - Complemento,0,SMS-Goiânia,2020-04-15
400046048,5208707,Res. Village Santa Rita I,0,SMS-Goiânia,2020-04-15
400036792,5208707,Sir dos Bandeirantes,0,SMS-Goiânia,2020-04-15
400036492,5208707,Setor Andreia,0,SMS-Goiânia,2020-04-15
400045949,5208707,Res. Porto Seguro,0,SMS-Goiânia,2020-04-15
400045895,5208707,Jd. Conquista,0,SMS-Goiânia,2020-04-15
400011692,5208707,Conjunto Habitacional Aruanã II,0,SMS-Goiânia,2020-04-15
400024592,5208707,Res. Maringa,0,SMS-Goiânia,2020-04-15
400037692,5208707,Grande Retiro,0,SMS-Goiânia,2020-04-15
400046016,5208707,Res. Flamingo,0,SMS-Goiânia,2020-04-15
400032792,5208707,Res. Vale do Araguaia,0,SMS-Goiânia,2020-04-15
400046002,5208707,Res. Jardim Leblon,0,SMS-Goiânia,2020-04-15
400046103,5208707,Res. Nunes de Morais 2a Etapa,0,SMS-Goiânia,2020-04-15
400045983,5208707,Cond. Cidade Universitária,0,SMS-Goiânia,2020-04-15
400046051,5208707,Res. Goyaz Park,0,SMS-Goiânia,2020-04-15
400045999,5208707,Cond. Santa Rita - 2a etapa,0,SMS-Goiânia,2020-04-15
400018992,5208707,Jd. Xavier,0,SMS-Goiânia,2020-04-15
400045977,5208707,Res. Sonho Dourado,0,SMS-Goiânia,2020-04-15
400028992,5208707,Conjunto Vera Cruz,0,SMS-Goiânia,2020-04-15
400005492,5208707,Jd. Guanabara II,0,SMS-Goiânia,2020-04-15
400045923,5208707,Setor Morais,0,SMS-Goiânia,2020-04-15
400046266,5208707,Res. Village Santa Rita IV,0,SMS-Goiânia,2020-04-15
400046122,5208707,Res. Recreio Panorama extensão,0,SMS-Goiânia,2020-04-15
400046522,5208707,Vila Isaura Extensão,0,SMS-Goiânia,2020-04-15
400046183,5208707,Res. Espanha,0,SMS-Goiânia,2020-04-15
400046509,5208707,Gleba,0,SMS-Goiânia,2020-04-15
400018892,5208707,Vila Abaja,0,SMS-Goiânia,2020-04-15
400017392,5208707,Conjunto Morada Nova,0,SMS-Goiânia,2020-04-15
400046026,5208707,Setor das Nacoes Extensão,0,SMS-Goiânia,2020-04-15
400046003,5208707,Jd. Leblon II,0,SMS-Goiânia,2020-04-15
400046421,5208707,Res. Jardins do Cerrado 3,0,SMS-Goiânia,2020-04-15
400003492,5208707,Vila Itatiaia,0,SMS-Goiânia,2020-04-15
400017792,5208707,Cjr Romildo F. R. do Amaral,0,SMS-Goiânia,2020-04-15
400045940,5208707,Res. Morada do Ipe,0,SMS-Goiânia,2020-04-15
400009592,5208707,Gleba,0,SMS-Goiânia,2020-04-15
400018392,5208707,Setor Coimbra,0,SMS-Goiânia,2020-04-15
400033392,5208707,Areião I,0,SMS-Goiânia,2020-04-15
400045938,5208707,Setor Maria Celeste,0,SMS-Goiânia,2020-04-15
400005692,5208707,Chácara Nossa Senhora da Piedade,0,SMS-Goiânia,2020-04-15
400013592,5208707,Araguaia Park,0,SMS-Goiânia,2020-04-15
400013792,5208707,Parque Paraíso,0,SMS-Goiânia,2020-04-15
400046115,5208707,Parque Aeronáutico Antônio Sebba Filho,0,SMS-Goiânia,2020-04-15
400046060,5208707,Res. Pilar dos Sonhos,0,SMS-Goiânia,2020-04-15
400020592,5208707,Anhanguera,0,SMS-Goiânia,2020-04-15
400045935,5208707,Res. Jardim Belvedere Expansão,0,SMS-Goiânia,2020-04-15
400046119,5208707,Recanto Barravento,0,SMS-Goiânia,2020-04-15
400046418,5208707,Res. Jardins do Cerrado 10,0,SMS-Goiânia,2020-04-15
400008492,5208707,Santo Hilario II,0,SMS-Goiânia,2020-04-15
400033892,5208707,Vila Americano do Brasil,0,SMS-Goiânia,2020-04-15
400046295,5208707,Gleba,0,SMS-Goiânia,2020-04-15
400045991,5208707,Res. Santa Rita - 4a etapa,0,SMS-Goiânia,2020-04-15
400046153,5208707,Jd. Colorado Extensão,0,SMS-Goiânia,2020-04-15
400021192,5208707,Vila Divino Pai Eterno,0,SMS-Goiânia,2020-04-15
400045988,5208707,Col Santa Marta,0,SMS-Goiânia,2020-04-15
400013492,5208707,Lorena Parque,0,SMS-Goiânia,2020-04-15
400046270,5208707,Res. Anicuns,0,SMS-Goiânia,2020-04-15
400046037,5208707,Res. Ville de France,0,SMS-Goiânia,2020-04-15
400046092,5208707,Jd. Paris,0,SMS-Goiânia,2020-04-15
400045932,5208707,Morada dos Sonhos,0,SMS-Goiânia,2020-04-15
400016292,5208707,Santos Dumont,0,SMS-Goiânia,2020-04-15
400045945,5208707,Res. Jardim Belvedere,0,SMS-Goiânia,2020-04-15
400008392,5208707,Conjunto Caicara,0,SMS-Goiânia,2020-04-15
400016592,5208707,Vila Santo Afonso,0,SMS-Goiânia,2020-04-15
400046054,5208707,Res. Luana Park,0,SMS-Goiânia,2020-04-15
400014592,5208707,Vila Canaa,0,SMS-Goiânia,2020-04-15
400035492,5208707,Vila Aguiar,0,SMS-Goiânia,2020-04-15
400018192,5208707,Vila Boa Sorte,0,SMS-Goiânia,2020-04-15
400046401,5208707,Res. Buena Vista II,0,SMS-Goiânia,2020-04-15
400045592,5208707,Res. Goiânia Viva,0,SMS-Goiânia,2020-04-15
400045911,5208707,Res. Green Park,0,SMS-Goiânia,2020-04-15
400030592,5208707,Vila São Luiz,0,SMS-Goiânia,2020-04-15
400026292,5208707,Solange Parque I,0,SMS-Goiânia,2020-04-15
400028292,5208707,Res. Manhattan,0,SMS-Goiânia,2020-04-15
400019792,5208707,Jd. Marques de Abreu,0,SMS-Goiânia,2020-04-15
400045939,5208707,Res. Nossa Morada,0,SMS-Goiânia,2020-04-15
400046374,5208707,Vila Santa Maria Extensão,0,SMS-Goiânia,2020-04-15
400026692,5208707,Chácara Solange Parque,0,SMS-Goiânia,2020-04-15
400045996,5208707,Santa Rita,0,SMS-Goiânia,2020-04-15
400046163,5208707,Res. Jardim Camargo,0,SMS-Goiânia,2020-04-15
400046177,5208707,Cond. Prive das Oliveiras,0,SMS-Goiânia,2020-04-15
400046215,5208707,Res. Rio Jordão,0,SMS-Goiânia,2020-04-15
400018292,5208707,Vila Santa Efigênia,0,SMS-Goiânia,2020-04-15
400032592,5208707,Chácara Botafogo,0,SMS-Goiânia,2020-04-15
400046178,5208707,Conjunto Habitacional Madre Germana 2,0,SMS-Goiânia,2020-04-15
400046425,5208707,Res. Jardins do Cerrado 9,0,SMS-Goiânia,2020-04-15
400046144,5208707,Vilag Maringa,0,SMS-Goiânia,2020-04-15
400046005,5208707,Res. Primavera,0,SMS-Goiânia,2020-04-15
400003592,5208707,Chácara Califórnia,0,SMS-Goiânia,2020-04-15
400046164,5208707,Res. Serra Azul I,0,SMS-Goiânia,2020-04-15
400030292,5208707,Vila Santa Helena,0,SMS-Goiânia,2020-04-15
400007892,5208707,Setor Progresso,0,SMS-Goiânia,2020-04-15
400046459,5208707,Res. Parque Mendanha,0,SMS-Goiânia,2020-04-15
400024392,5208707,Jd. Mariliza,0,SMS-Goiânia,2020-04-15
400046246,5208707,Gleba,0,SMS-Goiânia,2020-04-15
400046107,5208707,Jd. Novo Mundo – Extensão,0,SMS-Goiânia,2020-04-15
400010692,5208707,Vila Morais,0,SMS-Goiânia,2020-04-15
400046479,5208707,Gleba,0,SMS-Goiânia,2020-04-15
400022392,5208707,Jd. da Luz,0,SMS-Goiânia,2020-04-15
400019592,5208707,Vila Rizzo,0,SMS-Goiânia,2020-04-15
400046024,5208707,Res. Parque Oeste,0,SMS-Goiânia,2020-04-15
400046393,5208707,Solange Parque - Extensão,0,SMS-Goiânia,2020-04-15
400046057,5208707,Res. Ytapuã,0,SMS-Goiânia,2020-04-15
400046482,5208707,Res. Santa Fe I,0,SMS-Goiânia,2020-04-15
400046052,5208707,Res. São Marcos,0,SMS-Goiânia,2020-04-15
400037392,5208707,Res. Cidade Verde,0,SMS-Goiânia,2020-04-15
400046105,5208707,Condomínio: Privê dos Girassóis,0,SMS-Goiânia,2020-04-15
400046442,5208707,Res. Valência,0,SMS-Goiânia,2020-04-15
400037292,5208707,Res. Felicidade,0,SMS-Goiânia,2020-04-15
400046174,5208707,Res. Campos Dourados,0,SMS-Goiânia,2020-04-15
400046365,5208707,Gleba,0,SMS-Goiânia,2020-04-15
400035692,5208707,Água Branca,0,SMS-Goiânia,2020-04-15
400045934,5208707,Jd. Vista Bela,0,SMS-Goiânia,2020-04-15
400014392,5208707,Gleba,0,SMS-Goiânia,2020-04-15
400046269,5208707,Res. Dom Rafael,0,SMS-Goiânia,2020-04-15
400046111,5208707,Res. São Bernardo,0,SMS-Goiânia,2020-04-15
400045962,5208707,Res. Della Pena,0,SMS-Goiânia,2020-04-15
400012392,5208707,Vila Maria Luiza,0,SMS-Goiânia,2020-04-15
400046138,5208707,Setor Barra da Tijuca,0,SMS-Goiânia,2020-04-15
400046135,5208707,Res. Guanabara,0,SMS-Goiânia,2020-04-15
400046505,5208707,Gleba,0,SMS-Goiânia,2020-04-15
400045946,5208707,Res. Aruana,0,SMS-Goiânia,2020-04-15
400007092,5208707,Setor Morada do Sol,0,SMS-Goiânia,2020-04-15
400046468,5208707,Gleba,0,SMS-Goiânia,2020-04-15
400036392,5208707,Setor dos Dourados,0,SMS-Goiânia,2020-04-15
400015092,5208707,Vila Lucy,0,SMS-Goiânia,2020-04-15
400046419,5208707,Res. Jardins do Cerrado 2,0,SMS-Goiânia,2020-04-15
400004892,5208707,Jardim Diamantina,0,SMS-Goiânia,2020-04-15
400046395,5208707,Res. Perim,0,SMS-Goiânia,2020-04-15
400046143,5208707,Jd. Madri Complemento,0,SMS-Goiânia,2020-04-15
400005292,5208707,Setor Gentil Meirelles,0,SMS-Goiânia,2020-04-15
400046006,5208707,Tropical Ville,0,SMS-Goiânia,2020-04-15
400046141,5208707,Res. Mansões Paraíso,0,SMS-Goiânia,2020-04-15
400045921,5208707,Res. Canadá,0,SMS-Goiânia,2020-04-15
400046267,5208707,Res. Serra Azul II,0,SMS-Goiânia,2020-04-15
400016392,5208707,Rodoviário,0,SMS-Goiânia,2020-04-15
400046463,5208707,Gleba,0,SMS-Goiânia,2020-04-15
400046131,5208707,Res. Humaita,0,SMS-Goiânia,2020-04-15
400046496,5208707,Gleba,0,SMS-Goiânia,2020-04-15
400029792,5208707,Mansões Goianas,0,SMS-Goiânia,2020-04-15
400027992,5208707,Setor União,0,SMS-Goiânia,2020-04-15
400046041,5208707,Res. Sevilha,0,SMS-Goiânia,2020-04-15
400046202,5208707,Jd. Fonte Nova I,0,SMS-Goiânia,2020-04-15
400046071,5208707,Res. Brisas da Mata,0,SMS-Goiânia,2020-04-15
400025892,5208707,Conjunto Guadalajara,0,SMS-Goiânia,2020-04-15
400037592,5208707,Parque Buriti,0,SMS-Goiânia,2020-04-15
400045985,5208707,Parque Maracana,0,SMS-Goiânia,2020-04-15
400045958,5208707,Res. Tempo Novo,0,SMS-Goiânia,2020-04-15
400046014,5208707,Jd. Presidente - Extensão I,0,SMS-Goiânia,2020-04-15
400005392,5208707,Jd. Guanabara III,0,SMS-Goiânia,2020-04-15
400045915,5208707,Res. Balneário,0,SMS-Goiânia,2020-04-15
400046193,5208707,Res. Vale das Brisas,0,SMS-Goiânia,2020-04-15
400046495,5208707,Gleba,0,SMS-Goiânia,2020-04-15
400019392,5208707,Setor dos Funcionários,0,SMS-Goiânia,2020-04-15
400046465,5208707,Res. Buena Vista III,0,SMS-Goiânia,2020-04-15
400046109,5208707,Res. Belo Horizonte Complemento,0,SMS-Goiânia,2020-04-15
400013392,5208707,Vila Cristina,0,SMS-Goiânia,2020-04-15
400046462,5208707,Gleba,0,SMS-Goiânia,2020-04-15
400045968,5208707,Portal do Sol I,0,SMS-Goiânia,2020-04-15
400023092,5208707,Jd. Santo Antônio,0,SMS-Goiânia,2020-04-15
400028092,5208707,Vila Bela,0,SMS-Goiânia,2020-04-15
400046277,5208707,Res. Santa Maria,0,SMS-Goiânia,2020-04-15
400045926,5208707,Vila Atalaia,0,SMS-Goiânia,2020-04-15
400027692,5208707,Setor Novo Horizonte,0,SMS-Goiânia,2020-04-15
400035592,5208707,Gleba,0,SMS-Goiânia,2020-04-15
400046593,5208707,Gleba,0,SMS-Goiânia,2020-04-15
400007692,5208707,Gleba,0,SMS-Goiânia,2020-04-15
400046312,5208707,Gleba,0,SMS-Goiânia,2020-04-15
400046547,5208707,Fazenda São Domingos,0,SMS-Goiânia,2020-04-15
400046245,5208707,Clube do Japonês,0,SMS-Goiânia,2020-04-15
400046244,5208707,Clube dos Bancários,0,SMS-Goiânia,2020-04-15
400046100,5208707,Chácara Anhanguera,0,SMS-Goiânia,2020-04-15
400046008,5208707,Gleba,0,SMS-Goiânia,2020-04-15
400046011,5208707,Clube Alphaville Flamboyant,0,SMS-Goiânia,2020-04-15
400046384,5208707,Gleba,0,SMS-Goiânia,2020-04-15
400046636,5208707,Gleba,0,SMS-Goiânia,2020-04-15
400046638,5208707,Gleba,0,SMS-Goiânia,2020-04-15
400046203,5208707,Res. Mirante,0,SMS-Goiânia,2020-04-15
400046615,5208707,Gleba,0,SMS-Goiânia,2020-04-15
400046227,5208707,Gleba,0,SMS-Goiânia,2020-04-15
400046564,5208707,Gleba,0,SMS-Goiânia,2020-04-15
400014092,5208707,Jd. Mirabel,0,SMS-Goiânia,2020-04-15
400046569,5208707,Estâncias Vista Alegre,0,SMS-Goiânia,2020-04-15
400045914,5208707,Res. Barravento,0,SMS-Goiânia,2020-04-15
400014292,5208707,Goiá Setor Veloso,0,SMS-Goiânia,2020-04-15
400046563,5208707,Faz Retiro ou Petrópolis,0,SMS-Goiânia,2020-04-15
400046617,5208707,Cond. Residencial Irisville,0,SMS-Goiânia,2020-04-15
400046602,5208707,Gleba,0,SMS-Goiânia,2020-04-15
400046059,5208707,Vila Mooca - Complemento,0,SMS-Goiânia,2020-04-15
400046253,5208707,Cond. do Lago 2a e 3a Etapas,0,SMS-Goiânia,2020-04-15
400046123,5208707,Res. Jardim Helou,0,SMS-Goiânia,2020-04-15
400045941,5208707,Jd. Sonia Maria,0,SMS-Goiânia,2020-04-15
400045893,5208707,Res. Monte Carlo,0,SMS-Goiânia,2020-04-15
400045894,5208707,Jd. Tancredo Neves,0,SMS-Goiânia,2020-04-15
400046513,5208707,Gleba,0,SMS-Goiânia,2020-04-15
400046599,5208707,Gleba,0,SMS-Goiânia,2020-04-15
400036092,5208707,Gleba,0,SMS-Goiânia,2020-04-15
400004392,5208707,Chácara Retiro,0,SMS-Goiânia,2020-04-15
400028392,5208707,Jd. Presidente,0,SMS-Goiânia,2020-04-15
400028492,5208707,Parque Anhanguera II,0,SMS-Goiânia,2020-04-15
400005592,5208707,Chácara Nossa Senhora da Piedade,0,SMS-Goiânia,2020-04-15
400010092,5208707,Chácara Botafogo,0,SMS-Goiânia,2020-04-15
400029192,5208707,Jardim Botânico,0,SMS-Goiânia,2020-04-15
400046639,5208707,Gleba,0,SMS-Goiânia,2020-04-15
400046137,5208707,Cond. do Lago,0,SMS-Goiânia,2020-04-15
400036192,5208707,Jd. Itaipu,0,SMS-Goiânia,2020-04-15
400029492,5208707,Chácara Maria Dilce,0,SMS-Goiânia,2020-04-15
400046634,5208707,Gleba,0,SMS-Goiânia,2020-04-15
400024992,5208707,Jd. Petrópolis,0,SMS-Goiânia,2020-04-15
400017892,5208707,Setor Sol Nascente,0,SMS-Goiânia,2020-04-15
400046571,5208707,Gleba,0,SMS-Goiânia,2020-04-15
400046329,5208707,Gleba,0,SMS-Goiânia,2020-04-15
400018792,5208707,Setor Centro Oeste,0,SMS-Goiânia,2020-04-15
400003692,5208707,Vilag Casa Grande,0,SMS-Goiânia,2020-04-15
400031292,5208707,Gleba,0,SMS-Goiânia,2020-04-15
400017592,5208707,Setor Sudoeste,0,SMS-Goiânia,2020-04-15
400045957,5208707,Res. Rio Verde,0,SMS-Goiânia,2020-04-15
400046447,5208707,Res. Carlos de Freitas,0,SMS-Goiânia,2020-04-15
400046561,5208707,Gleba,0,SMS-Goiânia,2020-04-15
400024192,5208707,Vila Jardim Vitoria,0,SMS-Goiânia,2020-04-15
400030692,5208707,Setor Criméia Oeste,0,SMS-Goiânia,2020-04-15
400046009,5208707,Alphaville Flamboyant/Res. Arag,0,SMS-Goiânia,2020-04-15
400032992,5208707,Park Lozandes,0,SMS-Goiânia,2020-04-15
400046035,5208707,Aruanã Park,0,SMS-Goiânia,2020-04-15
400008092,5208707,Gleba,0,SMS-Goiânia,2020-04-15
400022192,5208707,Gleba,0,SMS-Goiânia,2020-04-15
400046134,5208707,Res. London Park,0,SMS-Goiânia,2020-04-15
400024092,5208707,Parque das Laranjeiras,0,SMS-Goiânia,2020-04-15
400022292,5208707,Vila Alto da Glória,0,SMS-Goiânia,2020-04-15
400038492,5208707,Parque Bom Jesus,0,SMS-Goiânia,2020-04-15
400046427,5208707,Res. Portal da Mata,0,SMS-Goiânia,2020-04-15
400045936,5208707,Res. Parque Flamboyant,0,SMS-Goiânia,2020-04-15
400046000,5208707,Parque dos Cisnes,0,SMS-Goiânia,2020-04-15
400045933,5208707,Res. dos Ipês,0,SMS-Goiânia,2020-04-15
400046637,5208707,Gleba,0,SMS-Goiânia,2020-04-15
400045990,5208707,Res. Center Ville,0,SMS-Goiânia,2020-04-15
400046607,5208707,Res. Brisas do Cerrado,0,SMS-Goiânia,2020-04-15
400046616,5208707,Condomínio: Res. Paulo Pacheco,0,SMS-Goiânia,2020-04-15
400006592,5208707,Vila Monticelli,0,SMS-Goiânia,2020-04-15
400046168,5208707,Res. San Marino,0,SMS-Goiânia,2020-04-15
400046458,5208707,Jd. Imperial,0,SMS-Goiânia,2020-04-15
400046025,5208707,Res. Nova Aurora,0,SMS-Goiânia,2020-04-15
400046096,5208707,Res. Lírios do Campo,0,SMS-Goiânia,2020-04-15
400046298,5208707,Res. dos Ipês - Extensão,0,SMS-Goiânia,2020-04-15
400029092,5208707,Setor Maysa Extensão,0,SMS-Goiânia,2020-04-15
400046632,5208707,Gleba,0,SMS-Goiânia,2020-04-15
400046251,5208707,Res. Arco Verde,0,SMS-Goiânia,2020-04-15
400046085,5208707,Res. Santa Fé,0,SMS-Goiânia,2020-04-15
400046640,5208707,Gleba,0,SMS-Goiânia,2020-04-15
400046316,5208707,Gleba,0,SMS-Goiânia,2020-04-15
400045974,5208707,Goia IV,0,SMS-Goiânia,2020-04-15
400034792,5208707,Parque Atheneu,0,SMS-Goiânia,2020-04-15
400046029,5208707,Jd. Bonanza,0,SMS-Goiânia,2020-04-15
400027292,5208707,Vila Luciana,0,SMS-Goiânia,2020-04-15
400016492,5208707,Vila Aurora Oeste,0,SMS-Goiânia,2020-04-15
400046261,5208707,Res. Privê Ilhas do Caribe,0,SMS-Goiânia,2020-04-15
400046606,5208707,Gleba,0,SMS-Goiânia,2020-04-15
400023692,5208707,Parque Santa Cruz,0,SMS-Goiânia,2020-04-15
400046378,5208707,Gleba,0,SMS-Goiânia,2020-04-15
400045970,5208707,Setor Maraba,0,SMS-Goiânia,2020-04-15
400046090,5208707,Gleba,0,SMS-Goiânia,2020-04-15
400046428,5208707,Res. Frei Galvão,0,SMS-Goiânia,2020-04-15
400027192,5208707,Res. Eldorado Expansão,0,SMS-Goiânia,2020-04-15
400046426,5208707,Res. Jardins do Cerrado 7,0,SMS-Goiânia,2020-04-15
400046641,5208707,Gleba,0,SMS-Goiânia,2020-04-15
400046206,5208707,Jd. Gramado I,0,SMS-Goiânia,2020-04-15
400046110,5208707,Res. Itamaraca,0,SMS-Goiânia,2020-04-15
400046453,5208707,Res. Mundo Novo 3,0,SMS-Goiânia,2020-04-15
400046431,5208707,Res. Jardins do Cerrado 6,0,SMS-Goiânia,2020-04-15
400046156,5208707,Res. Prive Itanhangã,0,SMS-Goiânia,2020-04-15
400046157,5208707,Prive Elza Fronza - 1a Etapa,0,SMS-Goiânia,2020-04-15
400045972,5208707,Res. Itaipú,0,SMS-Goiânia,2020-04-15
400046382,5208707,Chácara Rio Branco,0,SMS-Goiânia,2020-04-15
400046068,5208707,Parque das Flores,0,SMS-Goiânia,2020-04-15
400046573,5208707,Res. Coronel Álvaro Alves Júnior,0,SMS-Goiânia,2020-04-15
400045092,5208707,Gleba,0,SMS-Goiânia,2020-04-15
400006892,5208707,Parque Industrial Paulista,0,SMS-Goiânia,2020-04-15
400028592,5208707,Parque Anhanguera,0,SMS-Goiânia,2020-04-15
400046631,5208707,Gleba,0,SMS-Goiânia,2020-04-15
400046232,5208707,Gleba,0,SMS-Goiânia,2020-04-15
400046305,5208707,Gleba,0,SMS-Goiânia,2020-04-15
400007592,5208707,Vila Regina,0,SMS-Goiânia,2020-04-15
400046590,5208707,Gleba,0,SMS-Goiânia,2020-04-15
400046235,5208707,Gleba,0,SMS-Goiânia,2020-04-15
400028692,5208707,Jd. Atlântico,0,SMS-Goiânia,2020-04-15
400046155,5208707,Sir Pindorama,0,SMS-Goiânia,2020-04-15
400045913,5208707,Jd. Fonte Nova,0,SMS-Goiânia,2020-04-15
400045952,5208707,Setor Alto do Vale,0,SMS-Goiânia,2020-04-15
400020392,5208707,Jd. Vila Boa,0,SMS-Goiânia,2020-04-15
400046126,5208707,Sir Caraíbas,0,SMS-Goiânia,2020-04-15
400046369,5208707,Gleba,0,SMS-Goiânia,2020-04-15
400046438,5208707,Res. Monte Pascoal I,0,SMS-Goiânia,2020-04-15
400046348,5208707,Setor Marabá Extensão,0,SMS-Goiânia,2020-04-15
400046231,5208707,Gleba,0,SMS-Goiânia,2020-04-15
400024692,5208707,Vila Finsocial,0,SMS-Goiânia,2020-04-15
400046622,5208707,Gleba,0,SMS-Goiânia,2020-04-15
400046611,5208707,Gleba,0,SMS-Goiânia,2020-04-15
400046613,5208707,Gleba,0,SMS-Goiânia,2020-04-15
400003792,5208707,Vila Jardim Pompéia,0,SMS-Goiânia,2020-04-15
400046210,5208707,Gleba,0,SMS-Goiânia,2020-04-15
400046582,5208707,Gleba,0,SMS-Goiânia,2020-04-15
400045896,5208707,Setor Ulisses Guimarães,0,SMS-Goiânia,2020-04-15
400045959,5208707,Res. Senador Paranhos,0,SMS-Goiânia,2020-04-15
400046033,5208707,Res. das Acácias,0,SMS-Goiânia,2020-04-15
400034492,5208707,Jardim das Esmeraldas,0,SMS-Goiânia,2020-04-15
400046242,5208707,Privê Elza Fronza,0,SMS-Goiânia,2020-04-15
400036692,5208707,Sir Mansões do Campus,0,SMS-Goiânia,2020-04-15
400045292,5208707,Gleba,0,SMS-Goiânia,2020-04-15
400023992,5208707,Chácara do Governador,0,SMS-Goiânia,2020-04-15
400023492,5208707,Parque Acalanto,0,SMS-Goiânia,2020-04-15
400046064,5208707,Setor Noroeste,0,SMS-Goiânia,2020-04-15
400046546,5208707,Gleba,0,SMS-Goiânia,2020-04-15
400046481,5208707,Gleba,0,SMS-Goiânia,2020-04-15
400046230,5208707,Gleba,0,SMS-Goiânia,2020-04-15
400046390,5208707,Vila Mutirão II,0,SMS-Goiânia,2020-04-15
400026992,5208707,Cond. Rio Branco,0,SMS-Goiânia,2020-04-15
400045948,5208707,Res. Solar Bougainville,0,SMS-Goiânia,2020-04-15
400029692,5208707,Setor Sevene,0,SMS-Goiânia,2020-04-15
400046392,5208707,Moinho dos Ventos,0,SMS-Goiânia,2020-04-15
400046443,5208707,Res. Brasil Central,0,SMS-Goiânia,2020-04-15
400045997,5208707,Cond. Santa Rita - 8a etapa,0,SMS-Goiânia,2020-04-15
400046030,5208707,Res. Hugo de Moraes,0,SMS-Goiânia,2020-04-15
400046076,5208707,Jd. Maria Helena,0,SMS-Goiânia,2020-04-15
400045971,5208707,Tupynambá dos Reis,0,SMS-Goiânia,2020-04-15
400020192,5208707,Gleba,0,SMS-Goiânia,2020-04-15
400046586,5208707,Condomínio: Residencial Havay,0,SMS-Goiânia,2020-04-15
400026892,5208707,Jd. Aritana,0,SMS-Goiânia,2020-04-15
400007392,5208707,Vila João Vaz,0,SMS-Goiânia,2020-04-15
400046240,5208707,Gleba,0,SMS-Goiânia,2020-04-15
400008692,5208707,Setor Recanto das Minas Gerais,0,SMS-Goiânia,2020-04-15
400045892,5208707,Gleba,0,SMS-Goiânia,2020-04-15
400018092,5208707,Vila Santa Tereza,0,SMS-Goiânia,2020-04-15
400045920,5208707,Setor Cristina,0,SMS-Goiânia,2020-04-15
400046214,5208707,Gleba,0,SMS-Goiânia,2020-04-15
400006092,5208707,Sir Mansões Bernardo Sayão,0,SMS-Goiânia,2020-04-15
400046172,5208707,Jd. Ipanema,0,SMS-Goiânia,2020-04-15
400045989,5208707,Jd. Madri,0,SMS-Goiânia,2020-04-15
400046225,5208707,Gleba,0,SMS-Goiânia,2020-04-15
400045912,5208707,São Carlos,0,SMS-Goiânia,2020-04-15
400031592,5208707,Vila Viana,0,SMS-Goiânia,2020-04-15
400037892,5208707,Setor Garavelo,0,SMS-Goiânia,2020-04-15
400032492,5208707,Santo Hilário,0,SMS-Goiânia,2020-04-15
400045963,5208707,Setor OrientVille,0,SMS-Goiânia,2020-04-15
400037992,5208707,Jd. Caravelas,0,SMS-Goiânia,2020-04-15
400046315,5208707,Gleba,0,SMS-Goiânia,2020-04-15
400046114,5208707,Sit São Domingos,0,SMS-Goiânia,2020-04-15
400046532,5208707,Jardim Primavera,0,SMS-Goiânia,2020-04-15
400003292,5208707,Sir São Geraldo,0,SMS-Goiânia,2020-04-15
400034392,5208707,Serrinha,0,SMS-Goiânia,2020-04-15
400045909,5208707,Boa Vista,0,SMS-Goiânia,2020-04-15
400003892,5208707,Vila Maria Rosa,0,SMS-Goiânia,2020-04-15
400025292,5208707,Cjr Rodoviário,0,SMS-Goiânia,2020-04-15
400025392,5208707,Gleba,0,SMS-Goiânia,2020-04-15
400045910,5208707,Floresta,0,SMS-Goiânia,2020-04-15
400003992,5208707,Vila Jardim São Judas Tadeu,0,SMS-Goiânia,2020-04-15
400030792,5208707,Vila Megale,0,SMS-Goiânia,2020-04-15
400046211,5208707,Gleba,0,SMS-Goiânia,2020-04-15
400046139,5208707,Res. Goiânia Golfe Clube,0,SMS-Goiânia,2020-04-15
400030192,5208707,Vila Perdiz,0,SMS-Goiânia,2020-04-15
400028792,5208707,Vila Rosa,0,SMS-Goiânia,2020-04-15
400046430,5208707,Res. Bela Goiânia,0,SMS-Goiânia,2020-04-15
400014692,5208707,Vila Adélia,0,SMS-Goiânia,2020-04-15
400014992,5208707,Vila Nova Canaã,0,SMS-Goiânia,2020-04-15
400045965,5208707,Carolina Parque Extensão,0,SMS-Goiânia,2020-04-15
400030092,5208707,Vila Viandelli,0,SMS-Goiânia,2020-04-15
400046087,5208707,Setor Três Marias,0,SMS-Goiânia,2020-04-15
400014492,5208707,Vila Adéllia I e III,0,SMS-Goiânia,2020-04-15
400046074,5208707,Santo Hilário - Complemento,0,SMS-Goiânia,2020-04-15
400045953,5208707,Jd. Real,0,SMS-Goiânia,2020-04-15
400046356,5208707,Setor Três Marias I,0,SMS-Goiânia,2020-04-15
400046081,5208707,Jd. Alphaville,0,SMS-Goiânia,2020-04-15
400046170,5208707,Jd. Alphavilly I,0,SMS-Goiânia,2020-04-15
400046089,5208707,Chácara Salinos,0,SMS-Goiânia,2020-04-15
400045922,5208707,Res. Vereda dos Buritis,0,SMS-Goiânia,2020-04-15
400006792,5208707,Setor Santos Dumont,0,SMS-Goiânia,2020-04-15
400046383,5208707,Gleba,0,SMS-Goiânia,2020-04-15
400009692,5208707,Parque das Amendoeiras,0,SMS-Goiânia,2020-04-15
400046078,5208707,Parque das Amendoeiras I,0,SMS-Goiânia,2020-04-15
400046095,5208707,Chácara Buritis,0,SMS-Goiânia,2020-04-15
400016992,5208707,Conjunto Morada Nova,0,SMS-Goiânia,2020-04-15
400046291,5208707,Chácara de Recreio São Joaquim,0,SMS-Goiânia,2020-04-15
400026192,5208707,Parque Industrial João Braz,0,SMS-Goiânia,2020-04-15
400031092,5208707,Setor Norte Ferroviário II,0,SMS-Goiânia,2020-04-15
400017992,5208707,Vila Bethel,0,SMS-Goiânia,2020-04-15
400031192,5208707,Setor Norte Ferroviário,0,SMS-Goiânia,2020-04-15
400046445,5208707,Res. João Bueno,0,SMS-Goiânia,2020-04-15
400011292,5208707,Nova Vila,0,SMS-Goiânia,2020-04-15
400010192,5208707,Jd. Califórnia - Parque Industrial,0,SMS-Goiânia,2020-04-15
400046116,5208707,Res. Antônio Barbosa,0,SMS-Goiânia,2020-04-15
400003192,5208707,Chácara Shangri-la,0,SMS-Goiânia,2020-04-15
400046056,5208707,Res. Monte Pascoal,0,SMS-Goiânia,2020-04-15
400012592,5208707,Chácara Santa Bárbara,0,SMS-Goiânia,2020-04-15
400014192,5208707,Goiá 2,0,SMS-Goiânia,2020-04-15
400013992,5208707,Goiá,0,SMS-Goiânia,2020-04-15
400032292,5208707,Gleba,0,SMS-Goiânia,2020-04-15
400016692,5208707,Vila Aurora,0,SMS-Goiânia,2020-04-15
400025492,5208707,Industrial Mooca,0,SMS-Goiânia,2020-04-15
400045897,5208707,Chácara Retiro,0,SMS-Goiânia,2020-04-15
400046452,5208707,Res. Lageado,0,SMS-Goiânia,2020-04-15
400038292,5208707,Gleba,0,SMS-Goiânia,2020-04-15
400026092,5208707,Vila Santa Rita,0,SMS-Goiânia,2020-04-15
400046623,5208707,Vila Santa Rita Acréscimo,0,SMS-Goiânia,2020-04-15
400046108,5208707,Res. Hawai,0,SMS-Goiânia,2020-04-15
400025992,5208707,Nossa Senhora de Fátima,0,SMS-Goiânia,2020-04-15
400046032,5208707,Res. Guarema,0,SMS-Goiânia,2020-04-15
400019692,5208707,Parque Santa Rita,0,SMS-Goiânia,2020-04-15
400046180,5208707,Res. Kátia,0,SMS-Goiânia,2020-04-15
400046435,5208707,Res. Flórida,0,SMS-Goiânia,2020-04-15
400019892,5208707,Recreio do Funcionário Público,0,SMS-Goiânia,2020-04-15
400046444,5208707,Res. Porto Dourado,0,SMS-Goiânia,2020-04-15
400025192,5208707,São Francisco,0,SMS-Goiânia,2020-04-15
400035892,5208707,Conjunto Habitacional Aruanã III,0,SMS-Goiânia,2020-04-15
400046604,5208707,Gleba,0,SMS-Goiânia,2020-04-15
400046600,5208707,Gleba,0,SMS-Goiânia,2020-04-15
400004692,5208707,Parque das Nações,0,SMS-Goiânia,2020-04-15
400046117,5208707,Jd. Ipê,0,SMS-Goiânia,2020-04-15
400001492,5208707,Jd. Curitiba,0,SMS-Goiânia,2020-04-15
400001892,5208707,Gleba,0,SMS-Goiânia,2020-04-15
400024492,5208707,Setor Parque Tremendão,0,SMS-Goiânia,2020-04-15
400001992,5208707,Setor Novo Planalto,0,SMS-Goiânia,2020-04-15
400046224,5208707,Gleba,0,SMS-Goiânia,2020-04-15
400045980,5208707,Res. Privê Norte,0,SMS-Goiânia,2020-04-15
400015292,5208707,Vila Mauá,0,SMS-Goiânia,2020-04-15
400027392,5208707,Chácara Dona Gê,0,SMS-Goiânia,2020-04-15
400045955,5208707,Res. Solar Ville,0,SMS-Goiânia,2020-04-15
400046158,5208707,Res. João Paulo II,0,SMS-Goiânia,2020-04-15
400045987,5208707,Jd. Colorado Sul,0,SMS-Goiânia,2020-04-15
400046124,5208707,Res. Vale dos Sonhos I,0,SMS-Goiânia,2020-04-15
400046566,5208707,Gleba,0,SMS-Goiânia,2020-04-15
400046343,5208707,Gleba,0,SMS-Goiânia,2020-04-15
400046338,5208707,Gleba,0,SMS-Goiânia,2020-04-15
400046218,5208707,Gleba,0,SMS-Goiânia,2020-04-15
400046362,5208707,Gleba,0,SMS-Goiânia,2020-04-15
400046259,5208707,Gleba,0,SMS-Goiânia,2020-04-15
400046510,5208707,Gleba,0,SMS-Goiânia,2020-04-15
400005992,5208707,Vila dos Oficiais,0,SMS-Goiânia,2020-04-15
400036592,5208707,Chácara Bom Retiro,0,SMS-Goiânia,2020-04-15
400046233,5208707,Gleba,0,SMS-Goiânia,2020-04-15
400046361,5208707,Gleba,0,SMS-Goiânia,2020-04-15
400046526,5208707,Res. Português,0,SMS-Goiânia,2020-04-15
400046534,5208707,Gleba,0,SMS-Goiânia,2020-04-15
400025792,5208707,Vila Mooca,0,SMS-Goiânia,2020-04-15
400046625,5208707,Vila Santa Cruz,0,SMS-Goiânia,2020-04-15
400046228,5208707,Gleba,0,SMS-Goiânia,2020-04-15
400046241,5208707,Gleba,0,SMS-Goiânia,2020-04-15
400045930,5208707,Res. 14 Bis,0,SMS-Goiânia,2020-04-15
400036292,5208707,Cond. Setor Amin Camargo,0,SMS-Goiânia,2020-04-15
400045956,5208707,Setor Asa Branca,0,SMS-Goiânia,2020-04-15
400046581,5208707,Gleba,0,SMS-Goiânia,2020-04-15
400046579,5208707,Gleba,0,SMS-Goiânia,2020-04-15
400046578,5208707,Gleba,0,SMS-Goiânia,2020-04-15
400046186,5208707,Res. Ana Moraes,0,SMS-Goiânia,2020-04-15
400045976,5208707,Res. Noroeste,0,SMS-Goiânia,2020-04-15
400046166,5208707,Res. Portinari,0,SMS-Goiânia,2020-04-15
400046099,5208707,Cond. Anhanguera,0,SMS-Goiânia,2020-04-15
400045994,5208707,Cond. Santa Rita - 6a etapa,0,SMS-Goiânia,2020-04-15
400016192,5208707,Setor Campinas,0,SMS-Goiânia,2020-04-15
400046489,5208707,Gleba,0,SMS-Goiânia,2020-04-15
400046129,5208707,Parque Oeste Industrial Extensão,0,SMS-Goiânia,2020-04-15
400045979,5208707,Res. Atalaia,0,SMS-Goiânia,2020-04-15
400046102,5208707,Res. Nunes de Morais 3a Etapa,0,SMS-Goiânia,2020-04-15
400046067,5208707,Res. Park Solar,0,SMS-Goiânia,2020-04-15
400022892,5208707,Vila Legionárias,0,SMS-Goiânia,2020-04-15
400046264,5208707,Cond. Santa Rita Irregular,0,SMS-Goiânia,2020-04-15
400046655,5208707,Gleba,0,SMS-Goiânia,2020-04-15
400046304,5208707,Gleba,0,SMS-Goiânia,2020-04-15
400046565,5208707,Gleba,0,SMS-Goiânia,2020-04-15
400046181,5208707,Gleba,0,SMS-Goiânia,2020-04-15
400035192,5208707,Recreio Panorama,0,SMS-Goiânia,2020-04-15
400029992,5208707,Vila Jacaré,0,SMS-Goiânia,2020-04-15
400046633,5208707,Gleba,0,SMS-Goiânia,2020-04-15
400046583,5208707,Gleba,0,SMS-Goiânia,2020-04-15
400015592,5208707,Esp do Anicuns,0,SMS-Goiânia,2020-04-15
400046226,5208707,Res. Anglo,0,SMS-Goiânia,2020-04-15
400002892,5208707,Sir Panorama,0,SMS-Goiânia,2020-04-15
400046541,5208707,Gleba,0,SMS-Goiânia,2020-04-15
400046533,5208707,Sir Paraíso Tropical,0,SMS-Goiânia,2020-04-15
400013092,5208707,Setor das Nações,0,SMS-Goiânia,2020-04-15
400046612,5208707,Gleba,0,SMS-Goiânia,2020-04-15
400046603,5208707,Gleba,0,SMS-Goiânia,2020-04-15
400046104,5208707,Res. Ponta Negra,0,SMS-Goiânia,2020-04-15
400046034,5208707,Jd. Bom Jesus,0,SMS-Goiânia,2020-04-15
400046145,5208707,Res. Petropolis,0,SMS-Goiânia,2020-04-15
400005092,5208707,Vila Nossa Senhora Aparecida,0,SMS-Goiânia,2020-04-15
400046086,5208707,Res. Barcelona,0,SMS-Goiânia,2020-04-15
400008292,5208707,Cjr Palmares,0,SMS-Goiânia,2020-04-15
400045918,5208707,Vila Cristina Continuação,0,SMS-Goiânia,2020-04-15
400046663,5208707,Gleba,0,SMS-Goiânia,2020-04-15
400021492,5208707,Vila São Tomaz,0,SMS-Goiânia,2020-04-15
400003392,5208707,Res. Morada do Bosque,0,SMS-Goiânia,2020-04-15
400046075,5208707,Res. Belo Horizonte,0,SMS-Goiânia,2020-04-15
400046373,5208707,Gleba,0,SMS-Goiânia,2020-04-15
400009992,5208707,Vila Martins,0,SMS-Goiânia,2020-04-15
400046423,5208707,Res. Jardins do Cerrado 8,0,SMS-Goiânia,2020-04-15
400045950,5208707,Res. São Leopoldo,0,SMS-Goiânia,2020-04-15
400046454,5208707,Res. Mundo Novo 2,0,SMS-Goiânia,2020-04-15
400046644,5208707,Gleba,0,SMS-Goiânia,2020-04-15