gid,id,nm_bai,nome
1,400045987,Colorado Sul,Jd. Colorado Sul
105,400046335,,Gleba
106,400046334,,Gleba
107,400046333,,Gleba
108,400046332,,Gleba
216,400025692,,Gleba
111,400046363,,Gleba
112,400046190,,Gleba
113,400046306,,Gleba
114,400046380,,Gleba
812,400046552,,Gleba
43,400046566,,Gleba
53,400045916,Recanto do Bosque,Res. Recanto do Bosque
61,400006392,Santa Genoveva,Santa Genoveva
74,400046343,,Gleba
102,400046338,,Gleba
118,400046218,,Gleba
245,400046362,,Gleba
148,400046259,,Gleba
159,400046510,,Gleba
178,400005992,dos Oficiais,Vila dos Oficiais
179,400036592,Bom Retiro,Chácara Bom Retiro
814,400006992,Yara,Cjr Yara
815,400012992,Leste Universitário,Setor Leste Universitário
823,400046643,,Gleba
186,400046233,,Gleba
228,400046361,,Gleba
310,400046526,Português,Res. Português
619,400046534,,Gleba
341,400025792,Mooca,Vila Mooca
352,400046625,Santa Cruz,Vila Santa Cruz
379,400045930,14 Bis,Res. 14 Bis
382,400036292,Setor Amin Camargo,Cond. Setor Amin Camargo
391,400045956,Asa Branca,Setor Asa Branca
655,400046581,,Gleba
656,400046579,,Gleba
657,400046578,,Gleba
424,400046186,Ana Moraes,Res. Ana Moraes
437,400045976,Noroeste,Res. Noroeste
459,400046166,Portinari,Res. Portinari
470,400046099,Anhangüera,Cond. Anhanguera
478,400045994,Santa Rita - 6a etapa,Cond. Santa Rita - 6a etapa
487,400016192,Campinas,Setor Campinas
608,400046489,,Gleba
115,400046376,,Gleba
116,400046530,,Gleba
130,400046528,,Gleba
206,400046490,,Gleba
600,400046501,,Gleba
117,400046285,,Gleba
119,400046093,,Gleba
120,400046217,,Gleba
121,400045992,,Gleba
122,400046237,,Gleba
123,400046219,,Gleba
124,400028192,,Gleba
125,400046359,,Gleba
218,400045906,,Gleba
126,400046308,,Gleba
177,400046212,,Gleba
517,400046129,Oeste Industrial Extensão,Parque Oeste Industrial Extensão
526,400045979,Atalaia,Res. Atalaia
538,400046102,Nunes de Morais 3ª Etapa,Res. Nunes de Morais 3a Etapa
556,400046067,Park Solar,Res. Park Solar
255,400046027,Mendanha,Res. Mendanha
257,400046397,Verona,Jd. Verona
462,400045961,Olinda,Res. Olinda
263,400045951,São Leopoldo - Complemento,Res. São Leopoldo - Complemento
534,400012492,Sonho Verde,Res. Sonho Verde
570,400022892,Legionárias,Vila Legionárias
589,400046455,Mundo Novo 1,Res. Mundo Novo 1
615,400046559,,Gleba
616,400046558,,Gleba
621,400046192,,Gleba
624,400046594,Gleba B,Gleba
625,400046553,,Gleba
626,400046239,,Gleba
628,400046493,,Gleba
644,400046325,,Gleba
596,400046264,Santa Rita Irregular,Cond. Santa Rita Irregular
622,400046655,,Gleba
632,400046304,Gleba C,Gleba
639,400046565,,Gleba
646,400046181,,Gleba
641,400035192,Recreio Panorama,Recreio Panorama
651,400046633,,Gleba
654,400046583,,Gleba
660,400046541,,Gleba
511,400046533,Paraiso Tropical,Sir Paraíso Tropical
673,400046612,,Gleba
674,400046603,,Gleba
681,400008292,Palmares,Cjr Palmares
512,400045918,Cristina Continuação,Vila Cristina Continuação
693,400046663,Gleba,Gleba
702,400021492,São Tomaz,Vila São Tomaz
726,400003392,Morada da Bosque,Res. Morada do Bosque
269,400002992,Maria Lourença,Res. Maria Lourença
270,400046091,Atenas,Jd. Atenas
271,400046019,das Paineiras III Etapa,Parque das Paineiras III Etapa
272,400010392,Feliz,Feliz
464,400046485,Gardênia,Jd. Gardênia
285,400020692,Rezende,Vila Rezende
765,400018492,Oeste,Setor Oeste
767,400046635,,Gleba
784,400046682,,Gleba
810,400046551,,Gleba
813,400027492,Oeste Industrial,Parque Oeste Industrial
846,400046379,,Gleba
864,400046665,,Gleba
875,400033192,Jardim Goiás,Jd. Goiás
9,400046691,,Gleba
911,400045995,Santa Rita - 7a etapa,Cond. Santa Rita - 7a etapa
920,400046416,Condomínio: Residencial Terra Nova II,Gleba
922,400006292,Goiânia 2,Goiânia 2
925,400046584,Estrela D'alva,Res. Estrela D'alva
942,400046448,São Geraldo,Res. São Geraldo
952,400046721,,Gleba
10,400046692,,Gleba
956,400046695,,Gleba
175,400046296,,Gleba
26,400046651,Paulo Estrela,Res. Paulo Estrela
27,400046185,Santa Rita 5ª Etapa,Cond. Santa Rita 4a Etapa
994,400033792,Bueno,Setor Bueno
995,400034192,Jardim América,Jardim América
35,400046471,,Gleba
1006,400046405,,Gleba
36,400046470,,Gleba
1025,400046734,,Gleba
1026,400046248,Vila Rica,Dis Vila Rica
1031,400046514,Alice Barbosa extensão,Res. Alice Barbosa extensão
1038,400017192,Cidade Jardim,Cidade Jardim
1048,400046735,,Gleba
1062,400046742,,Gleba
1067,400046415,Condomínio: Res.. Terra Nova I,Gleba
1073,400046354,,Gleba
1074,400046355,,Gleba
1078,400027892,Europa,Jd. Europa
1080,400046199,,Gleba
1092,400033592,Pedro Ludovico,Setor Pedro Ludovico
1098,400046756,,Gleba
7,400046688,,Gleba
8,400046690,,Gleba
4,400046407,Colorado II,Jd. Colorado II
11,400046689,,Gleba
13,400046729,,Gleba
25,400046645,,Gleba
12,400046608,,Cond. Bougainville
15,400046733,,Gleba
18,400046743,,Gleba
23,400046542,,Gleba
94,400046730,,Gleba
54,400046728,,Gleba
95,400046731,,Gleba
96,400046707,,Gleba
73,400046349,,Gleba
82,400046480,,Gleba
109,400046759,,Gleba
110,400046760,,Gleba
99,400046516,,Gleba
189,400046031,,Gleba
194,400046318,,Gleba
326,400046142,Martins Extensão,Vila Martins Extensão
620,400046439,,Gleba
355,400046132,Clarissa,Jd. Clarissa
392,400046044,Eli Forte - Complemento,Jd. Eli Forte - Complemento
471,400046015,Presidente - Extensão II,Jd. Presidente - Extensão II
476,400046049,Village Santa Rita II,Res. Village Santa Rita II
537,400045931,Capuava Residencial Privê,Capuava Residencial Prive
573,400046201,Novo Petrópolis,Jd. Novo Petrópolis
594,400046652,,Gleba
597,400045929,Eli Forte,Jd. Eli Forte
623,400046656,Portal Anhanguera,Res. Portal Anhanguera
610,400046487,,Gleba
627,400046184,,Gleba
633,400046555,AREA,Gleba
647,400046647,,Gleba
662,400046649,,Gleba
682,400046657,,Gleba
666,400046650,,Gleba
669,400046648,,Gleba
671,400000002,,Gleba
667,400046276,,Gleba
676,400046601,,Gleba
678,400046592,São José,Faz São Jose
679,400003092,Balneário Meia Ponte,Jd. Balneário Meia Ponte
761,400046658,,Gleba
694,400046680,Gleba,Gleba
695,400046673,Gleba,Gleba
696,400046674,Gleba,Gleba
698,400029292,São Paulo,Vila São Paulo
704,400046669,,Gleba
705,400046666,Alphaville,Res. Alphaville
706,400046667,,Gleba
707,400046668,,Gleba
708,400046677,Gleba,Gleba
709,400046676,Gleba,Gleba
710,400046678,Gleba,Gleba
716,400046679,Gleba,Gleba
713,400046675,Gleba,Gleba
717,400046681,Gleba,Gleba
718,400046670,,Gleba
719,400046672,,Gleba
720,400046671,,Gleba
762,400046699,,Gleba
234,400046247,,Gleba
243,400023592,,Gleba
740,400046683,,Gleba
742,400046686,,Gleba
744,400046646,,Gleba
745,400046687,,Gleba
1086,400046324,,Gleba
770,400046698,,Gleba
771,400046705,,Gleba
785,400046700,,Gleba
783,400045943,Grajaú,Setor Grajau
795,400000001,Talisma I,Res. Talisma I
798,400046708,,Gleba
799,400046706,,Gleba
802,400046710,,Gleba
804,400046709,dos Dourados Extensão,Setor dos Dourados Extensão
808,400046429,Flores do Parque,Res. Flores do Parque
817,400046717,,Gleba
819,400046716,,Gleba
826,400046761,,Gleba
844,400046358,,Gleba
854,400046685,,Gleba
855,400046703,,Gleba
856,400046659,Gleba,Gleba
858,400046713,,Gleba
859,400046662,,Gleba
861,400046714,Jucelino Kubitschek,Res. Jucelino Kubitschek
862,400046712,,Gleba
863,400046660,,Gleba
865,400046661,,Gleba
866,400046704,,Gleba
868,400046725,,Gleba
878,400046723,Prive Elza Fronza - 2a Etapa,Prive Elza Fronza - 2a Etapa
877,400046243,Samambaia,Cond. Samambaia
882,400046722,,Gleba
1105,400046762,,Gleba
884,400046724,,Gleba
888,400046718,,Gleba
286,400045947,Junqueira,Res. Junqueira
1106,400046763,,Gleba
1107,400046764,,Gleba
901,400046309,,Gleba
954,400046702,,Gleba
908,400046711,,Gleba
919,400046726,,Gleba
582,400035092,Maria Dilce,Chácara Maria Dilce
926,400046562,Aruanã - Complemento,Res. Aruana - Complemento
939,400046727,Caravelas 1a Etapa,Jd. Caravelas 1a Etapa
591,400021292,dos Afonsos,Setor dos Afonsos
953,400046720,,Gleba
592,400034092,Teófilo Neto,Vila Teófilo Neto
955,400046697,,Gleba
957,400046694,,Gleba
1097,400046757,,Gleba
959,400046693,,Gleba
960,400046684,,Gleba
1099,400046755,,Gleba
963,400046664,Goias - Area I,Jd. Goiás – Área I
964,400046719,Oeste Industrial - Prolongamento,Parque Oeste Industrial - Prolongamento
967,400046654,São Jose,Setor São Jose
978,400046570,,Gleba
989,400046715,,Gleba
990,400046732,,Gleba
37,400046469,,Gleba
1009,400046739,,Gleba
1021,400046738,,Gleba
1022,400000003,Havai - Extensão,Res. Havai - Extensão
593,400046040,Forte Ville - Extensão,Res. Forte Ville - Extensão
1024,400046737,São Jose I,Jd. São Jose I
29,400046457,AREA,Gleba
1028,400032392,Novo Mundo,Jd. Novo Mundo
41,400046440,Carolina Park Complemento,Setor Carolina Park Complemento
1083,400046736,,Gleba
1043,400046696,,Gleba
1044,400046749,,Gleba
1045,400046744,,Gleba
1049,400046741,,Gleba
1050,400046653,,Gleba
1063,400046750,,Gleba
42,400046197,Tuzimoto,Res. Tuzimoto
44,400046567,,Gleba
93,400046543,,Gleba
1095,400046701,,Gleba
1100,400046754,,Gleba
1101,400046752,,Gleba
1102,400046751,,Gleba
1103,400046753,Solar Ville Complemento,Res. Solar Ville Complemento
1104,400046758,,Gleba
28,400046436,Lucy Pinheiro,Res. Lucy Pinheiro
97,400009292,Matilde,Vila Matilde
2,400046403,Recanto dos Buritis,Res. Recanto dos Buritis
3,400045903,Fernandes,Vila Fernandes
5,400022492,Anhangüera,Conjunto Anhanguera
6,400008592,Lageado,Jd. Lageado
24,400007192,Helou,Chácara Helou
207,400046274,,Gleba
14,400046191,Jardins Munique,Res. Jardins Munique
16,400046326,,Gleba
17,400046250,,Gleba
19,400046350,,Gleba
98,400046045,Village Santa Rita III,Res. Village Santa Rita III
20,400046345,,Gleba
21,400046450,Campos Verdes quinhão III,Res. Campos Verdes quinhão III
22,400009392,,Gleba
100,400046515,Real Extensão,Jd. Real Extensão
30,400046630,Condomínio: Alto Boa Vista,Gleba
31,400030392,São Francisco,Vila São Francisco
32,400046474,,Gleba
33,400046473,,Gleba
34,400046472,,Gleba
46,400046066,Carla Cristina,Res. Carla Cristina
262,400046021,das Paineiras I,Parque das Paineiras I
38,400046467,,Gleba
39,400046466,,Gleba
40,400046460,Della Penna Extensão,Res. Della Penna Extensão
45,400046568,,Gleba
47,400046200,Condomínio: Res.. Bosque dos Buritis,Gleba
48,400009092,Dom Fernando I,Jd. Dom Fernando I
49,400009492,Aroeiras,Jd. Aroeiras
50,400000192,Estrela Dalva,Setor Estrela Dalva
51,400046446,Alice Barbosa I,Res. Alice Barbosa I
52,400046140,Alice Barbosa,Res. Alice Barbosa
101,400045392,,Gleba
103,400046337,,Gleba
55,400045928,Primavera,Conjunto Primavera
56,400046545,Gleba 8,Gleba
57,400046544,Gleba 7,Gleba
58,400046341,,Gleba
59,400046204,Gramado,Jd. Gramado
66,400013692,,Gleba
67,400046238,,Gleba
68,400046271,,Gleba
69,400026792,das Oliveiras,Cond. das Oliveiras
70,400046221,Jardim das Oliveiras II,Cond. Jardim das Oliveiras II
60,400022692,Redenção,Vila Redenção
62,400046320,Corte Real,Jd. Corte Real
63,400018592,,Gleba
64,400045925,Abaporu,Jd. Abaporu
65,400046169,Lorena Parque Extensão,Lorena Parque Extensão
174,400046387,,Gleba
71,400046352,,Gleba
72,400046351,,Gleba
75,400046342,,Gleba
76,400046340,,Gleba
77,400046339,,Gleba
78,400046331,,Gleba
79,400046330,,Gleba
80,400046327,,Gleba
81,400046483,,Gleba
83,400045966,Parque dos Eucaliptos,Conjunto Parque dos Eucaliptos
84,400046279,,Gleba
85,400046061,14 Bis - Extensão,Res. 14 Bis - Extensão
86,400030992,Urias Magalhães II,Setor Urias Magalhães II
87,400046118,José Viandeli,Res. José Viandeli
88,400046529,,Gleba
89,400046058,Industrial João Braz 2,Parque Industrial João Braz 2
90,400029892,Ofugi,Vila Ofugi
91,400046130,,Gleba
92,400045975,Goiá 2 Complemento,Goiá 2 Complemento
104,400046336,,Gleba
127,400046357,,Gleba
128,400046574,,Gleba
129,400046550,,Gleba
131,400046527,,Gleba
132,400046525,,Gleba
133,400046524,,Gleba
134,400046523,,Gleba
135,400046272,,Gleba
136,400045901,,Gleba
169,400046313,,Gleba
170,400046310,,Gleba
176,400046297,,Gleba
137,400046521,,Gleba
138,400046508,,Gleba
139,400046507,,Gleba
140,400046506,,Gleba
141,400046504,,Gleba
142,400046503,,Gleba
143,400046502,,Gleba
144,400006492,Granja Agrícola Jacirema,Granja Agrícola Jacirema
145,400045924,,Gleba
146,400046278,,Gleba
147,400046280,,Gleba
149,400046258,,Gleba
150,400046101,,Gleba
151,400046257,São Joaquim,Cond. São Joaquim
152,400046113,Coimbra,Chácara Coimbra
153,400045981,Cidade Pompeu,Chácara Cidade Pompeu
171,400046303,,Gleba
219,400046580,,Gleba
154,400022792,,Gleba
155,400045905,,Gleba
156,400046512,,Gleba
157,400046441,Escocia,Res. Escocia
158,400046511,,Gleba
160,400046486,,Gleba
161,400046484,,Gleba
172,400046302,,Gleba
618,400046538,Gleba 1,Gleba
162,400046535,,Gleba
163,400046413,,Gleba
164,400046196,,Gleba
165,400046411,,Gleba
166,400046323,,Gleba
167,400046321,,Gleba
168,400046314,,Gleba
173,400046282,,Gleba
180,400046213,,Gleba
181,400035292,Maria Dilce,Chácara Maria Dilce
182,400046001,,Gleba
183,400046228,,Gleba
217,400046147,,Gleba
220,400046404,,Gleba
184,400045984,Granjas Brasil,Granjas Brasil
185,400046241,,Gleba
187,400046229,,Gleba
188,400046208,,Gleba
190,400046209,,Gleba
227,400046414,,Gleba
208,400046273,,Gleba
209,400046477,,Gleba
210,400046476,,Gleba
211,400046475,,Gleba
191,400045898,,Gleba
192,400035392,Maria Dilce,Chácara Maria Dilce
202,400046399,,Gleba
203,400046396,,Gleba
204,400046375,,Gleba
205,400046491,,Gleba
193,400046344,,Gleba
195,400046388,,Gleba
196,400046456,,Gleba
197,400046451,Campos Verdes quinhão I,Res. Campos Verdes quinhão I
198,400037492,Maringá,Chácara Maringá
231,400046554,,Gleba
199,400046449,Portal Petropolis,Res. Portal Petrópolis
200,400046437,Ouro Preto,Res. Ouro Preto
201,400046572,,Gleba
212,400045986,Mansões Rosa de Ouro,Chácara Mansões Rosa de Ouro
213,400046112,,Gleba
214,400046098,Garavelo,Garavelo
215,400046187,Quinta da Boa Vista Fechad,Quinta da Boa Vista Fechad
221,400046560,,Gleba
232,400046371,,Gleba
222,400046556,,Gleba
223,400046372,,Gleba
224,400046539,,Gleba
225,400046531,,Gleba
242,400045900,,Gleba
226,400046205,Gramado II,Jd. Gramado II
229,400046319,,Gleba
230,400046377,,Gleba
233,400046370,,Gleba
235,400012292,São Francisco de Assis,Chácara São Francisco de Assis
236,400033092,Autodromo,Gleba
239,400009792,Retiro,Fazenda Retiro
240,400046080,,Gleba
241,400009892,São Silvestre,Chácara São Silvestre
256,400010992,Santa Isabel,Vila Santa Isabel
244,400022592,Alto da Glória,Chácara Alto da Gloria
246,400008992,Concórdia,Vila Concórdia
247,400029392,Alphaville Residencial,Alphaville Residencial
248,400016092,Santana,Vila Santana
237,400006192,Ipê,Sir Ipê
238,400046079,,Gleba
249,400046077,Vila Pedroso Extensão,Vila Pedroso Extensão
250,400046120,das Flores Complemento,Parque das Flores Complemento
251,400046216,Real Conquista,Res. Real Conquista
252,400046020,das Paineiras II Etapa,Parque das Paineiras II Etapa
253,400026592,Solange Parque II,Solange Parque II
254,400046268,Real,Res. Real
258,400046160,Novo Mundo II,Jd. Novo Mundo II
259,400046150,Eldorado Oeste Extensão,Parque Eldorado Oeste Extensão
260,400046053,Luana Park - Continuação,Res. Luana Park – Continuação
261,400046265,Aquários II,Res. Aquários II
463,400011592,Habitacional Aruanã I,Conjunto Habitacional Aruanã I
264,400017092,Castelo Branco,Conjunto Castelo Branco
265,400046022,Aquários,Res. Aquários
266,400046252,Beatriz Nascimento,Res. Beatriz Nascimento
267,400045967,das Hortências,Jd. das Hortências
268,400046083,Linda Vista,Res. Linda Vista
273,400013892,Santa Rita,Cond. Santa Rita
274,400046136,Vale da Serra,Res. Vale da Serra
275,400009192,Dom Fernando II,Jd. Dom Fernando II
276,400031392,Marechal Rondon,Setor Marechal Rondon
277,400015692,Padre Pelágio,Cjr Padre Pelágio
278,400011892,Parque Santa Maria,Vila Parque Santa Maria
601,400046500,,Gleba
279,400015492,dos Aeroviários,dos Aeroviarios
280,400033492,São João,Vila São João
281,400020292,Cachoeira Dourada,Cjr Cachoeira Dourada
282,400011992,Brasil,Jd. Brasil
283,400045993,Santa Rita - 5ª Etapa,Vila Santa Rita - 5a Etapa
284,400046520,Bethel,Res. Bethel
287,400022092,Alto da Glória,Alto da Glória
288,400027092,Eldorado,Res. Eldorado
289,400046464,Buena Vista IV,Res. Buena Vista IV
290,400025592,Leblon,Jd. Leblon
291,400045492,Guanabara IV,Jd. Guanabara IV
606,400046494,,Gleba
292,400010292,Industrial de Goiânia,Parque Industrial de Goiânia
293,400046128,Presidente - Extensão III,Jd. Presidente - Extensão III
294,400046417,Jardins do Cerrado 11,Res. Jardins do Cerrado 11
295,400010892,Oswaldo Rosa,Vila Oswaldo Rosa
514,400046173,Jardins Lisboa,Res. Jardins Lisboa
296,400045973,Baliza,Conjunto Baliza
297,400046162,Lago Azul,Jd. Lago Azul
298,400005892,Militar,Vila Militar
299,400004992,Panorama Parque,Panorama Parque
300,400032892,Riviera,Conjunto Riviera
602,400046499,,Gleba
301,400046013,Prive Atlântico,Res. Prive Atlântico
302,400045954,Eli Forte,Res. Eli Forte
303,400019492,Aeroporto,Setor Aeroporto
304,400045899,Morumbi,Res. Morumbi
305,400019092,Isaura,Vila Isaura
515,400004792,Cruzeiro do Sul,Cruzeiro do Sul
306,400022992,,Gleba
307,400012892,Romana,Vila Romana
308,400046287,Senador Albino Boaventura,Res. Senador Albino Boaventura
309,400038392,Tropical Verde,Tropical Verde
311,400046260,Solange Parque II,Chácara Solange Parque II
312,400046028,Dezopi,Res. Dezopi
313,400046159,Costa Paranhos,Res. Costa Paranhos
314,400046179,Itaipú I,Res. Itaipú I
315,400046424,Jardins do Cerrado 5,Res. Jardins do Cerrado 5
316,400046069,Balneário,Parque Balneário
317,400011492,Jaraguá,Vila Jaraguá
318,400046518,Rio Formoso,Setor Rio Formoso
319,400046050,Solange Parque Complemento,Solange Parque Complemento
320,400046381,,Gleba
321,400030492,Clemente,Vila Clemente
322,400037092,Colorado,Jd. Colorado
323,400046433,Antonio Carlos Pires,Res. Antônio Carlos Pires
603,400046498,,Gleba
324,400031492,Central,Setor Central
325,400021892,Vila Isabel,Conjunto Vila Isabel
327,400046161,Cristina Extensão,Vila Cristina Extensão
617,400046557,,Gleba
523,400023392,Bela Vista,Jd. Bela Vista
328,400033692,Marista,Setor Marista
329,400046434,Orlando de Morais,Res. Orlando de Morais
330,400046402,Colorado I,Jd. Colorado I
331,400015992,Irany,Vila Irany
332,400045942,das Rosas,Jd. das Rosas
333,400046023,Veneza,Vilag Veneza
334,400046070,Areião II,Setor Areião II
335,400046039,Ana Clara,Res. Ana Clara
336,400032192,Colemar Natal e Silva,Vila Colemar Natal e Silva
337,400017692,Alpes,Vila Alpes
338,400046133,Pampulha,Jd. Pampulha
339,400002792,Recreio Panorama,Res. Recreio Panorama
340,400046154,Vale dos Sonhos II,Res. Vale dos Sonhos II
342,400046275,Residencial Santa Rita,Cond. Residencial Santa Rita
343,400046207,Licardino Ney,Res. Licardino Ney
465,400046151,Jardim Ana Flávia,Setor Jardim Ana Flavia
344,400032692,Jardim Califórnia,Jardim Califórnia
345,400045960,Recanto das Garças,Res. Recanto das Garças
346,400023892,Fabiana,Conjunto Fabiana
347,400046017,Presidente - Extensão,Jd. Presidente - Extensão
348,400024292,,Gleba
349,400026392,Solange Parque III,Solange Parque III
350,400046043,Eli Forte - Extensão,Res. Eli Forte - Extensão
351,400027792,Alvorada,Vila Alvorada
353,400014892,Anchieta,Vila Anchieta
354,400045917,Mar Del Plata,Res. Mar Del Plata
356,400046300,Gleba,Gleba
357,400001792,Mutirão I,Vila Mutirão I
358,400046004,Santa Rita,Vilag Santa Rita
436,400012792,Bandeirantes,Vila Bandeirantes
359,400046420,Jardins do Cerrado 4,Res. Jardins do Cerrado 4
360,400046036,Clea Borges,Res. Clea Borges
361,400045978,Campus,Cjr Campus
362,400012192,Sonho Verde Complemento,Res. Sonho Verde Complemento
363,400046587,,Vila Roriz
364,400046422,Jardins do Cerrado 1,Res. Jardins do Cerrado 1
365,400046121,Perim Continuação,Res. Perim Continuação
1087,400046223,,Gleba
366,400013192,Nova Esperança,Jd. Nova Esperanca
367,400046062,São José - Complemento,Vila São Jose - Complemento
368,400046048,Village Santa Rita I,Res. Village Santa Rita I
369,400036792,dos Bandeirantes,Sir dos Bandeirantes
370,400036492,Andréia,Setor Andreia
371,400045949,Porto Seguro,Res. Porto Seguro
372,400045895,Conquista,Jd. Conquista
373,400011692,Habitacional Aruanã II,Conjunto Habitacional Aruanã II
374,400024592,Maringá,Res. Maringa
375,400037692,Grande Retiro,Grande Retiro
376,400046016,Flamingo,Res. Flamingo
377,400046002,Jardim Leblon,Res. Jardim Leblon
378,400046103,Nunes de Morais 2ª Etapa,Res. Nunes de Morais 2a Etapa
380,400045983,Cidade Universitária,Cond. Cidade Universitária
381,400046051,Goyaz Park,Res. Goyaz Park
383,400045999,Santa Rita - 2a etapa,Cond. Santa Rita - 2a etapa
495,400018992,Xavier,Jd. Xavier
384,400045977,Sonho Dourado,Res. Sonho Dourado
385,400046018,das Paineiras IV Etapa,Parque das Paineiras IV Etapa
386,400032792,Vale do Araguaia,Res. Vale do Araguaia
387,400029992,Jacaré,Vila Jacare
388,400015592,do Anicuns,Esp do Anicuns
389,400046226,Anglo,Res. Anglo
390,400002892,Panorama,Sir Panorama
393,400046104,Ponta Negra,Res. Ponta Negra
394,400046034,Bom Jesus,Jd. Bom Jesus
395,400046145,Petrópolis,Res. Petropolis
396,400005092,Nossa Senhora Aparecida,Vila Nossa Senhora Aparecida
397,400046086,Barcelona,Res. Barcelona
398,400013092,das Nações,Setor das Nacoes
609,400046488,,Gleba
399,400005192,Urias Magalhães,Setor Urias Magalhaes
400,400046094,São José,Chácara São José
401,400019192,Paraíso,Vila Paraiso
402,400046063,São José - Extensão,Vila São José - Extensão
403,400046055,Nunes de Morais 1ª Etapa,Res. Nunes de Morais 1a Etapa
404,400046432,Fonte das Aguas,Res. Fonte das Águas
405,400046042,Talismã,Res. Talismã
406,400015192,Ana Lúcia,Jd. Ana Lúcia
407,400046317,,Gleba
408,400046127,Fidélis,Res. Fidélis
409,400046400,Buena Vista I,Res. Buena Vista I
410,400028992,Vera Cruz,Conjunto Vera Cruz
411,400006692,Criméia Leste,Setor Criméia Leste
412,400046266,Village Santa Rita IV,Res. Village Santa Rita IV
413,400046122,Recreio Panorama extensão,Res. Recreio Panorama extensão
414,400005492,Guanabara II,Jd. Guanabara II
415,400045923,Morais,Setor Morais
416,400030892,Froes,Vila Froes
417,400046522,Isaura Extensão,Vila Isaura Extensão
418,400045907,Jardim Florença,Res. Jardim Florença
419,400046183,Espanha,Res. Espanha
420,400018892,Abajá,Vila Abaja
421,400017392,Morada Nova,Conjunto Morada Nova
422,400046026,das Nações Extensão,Setor das Nacoes Extensão
423,400046003,Leblon II,Jd. Leblon II
425,400046509,,Gleba
426,400046421,Jardins do Cerrado 3,Res. Jardins do Cerrado 3
427,400003492,Itatiaia,Vila Itatiaia
428,400018392,Coimbra,Setor Coimbra
429,400017792,Romildo F. R. do Amaral,Cjr Romildo F. R. do Amaral
430,400045940,Morada do Ipê,Res. Morada do Ipe
431,400033392,Areião I,Areião I
432,400045938,Maria Celeste,Setor Maria Celeste
433,400005692,Nossa Senhora da Piedade,Chácara Nossa Senhora da Piedade
434,400013592,Araguaia Park,Araguaia Park
435,400013792,Paraíso,Parque Paraíso
438,400046115,Aeronáutico Antônio Sebba Filho,Parque Aeronáutico Antônio Sebba Filho
439,400046060,Pilar dos Sonhos,Res. Pilar dos Sonhos
440,400020592,Anhangüera,Anhanguera
441,400045935,Jardim Belvedere Expansão,Res. Jardim Belvedere Expansão
442,400046119,Recanto Barravento,Recanto Barravento
513,400046418,Jardins do Cerrado 10,Res. Jardins do Cerrado 10
496,400008492,Santo Hilário II,Santo Hilario II
443,400045991,Santa Rita - 4a etapa,Res. Santa Rita - 4a etapa
444,400046153,Colorado Extensão,Jd. Colorado Extensão
445,400021192,Divino Pai Eterno,Vila Divino Pai Eterno
446,400045988,Santa Marta,Col Santa Marta
447,400013492,Lorena Parque,Lorena Parque
448,400033892,Americano do Brasil,Vila Americano do Brasil
449,400046270,Anicuns,Res. Anicuns
450,400046037,Ville de France,Res. Ville de France
451,400046092,Paris,Jd. Paris
452,400045932,Morada dos Sonhos,Morada dos Sonhos
453,400016292,Santos Dumont,Santos Dumont
454,400045945,Jardim Belvedere,Res. Jardim Belvedere
455,400020992,Bela Vista,Setor Bela Vista
456,400016592,Santo Afonso,Vila Santo Afonso
457,400046054,Luana Park,Res. Luana Park
458,400014592,Canaã,Vila Canaa
460,400035492,Aguiar,Vila Aguiar
461,400018192,Boa Sorte,Vila Boa Sorte
528,400046401,Buena Vista II,Res. Buena Vista II
466,400045592,Goiânia Viva,Res. Goiânia Viva
467,400045911,Green Park,Res. Green Park
468,400030592,São Luiz,Vila São Luiz
469,400026292,Solange Parque I,Solange Parque I
472,400028292,Manhattan,Res. Manhattan
971,400019792,Marques de Abreu,Jd. Marques de Abreu
473,400029592,Maria Dilce,Vila Maria Dilce
474,400045939,Nossa Morada,Res. Nossa Morada
475,400046374,Santa Maria Extensão,Vila Santa Maria Extensão
494,400005792,Guanabara,Jd. Guanabara
524,400026692,Solange Parque,Chácara Solange Parque
477,400020792,Planalto,Jd. Planalto
479,400045996,Santa Rita,Santa Rita
480,400046177,Privê das Oliveiras,Cond. Prive das Oliveiras
481,400046215,Rio Jordão,Res. Rio Jordão
482,400018292,Santa Efigênia,Vila Santa Efigênia
483,400032592,Botafogo,Chácara Botafogo
484,400046178,Habitacional Madre Germana 2,Conjunto Habitacional Madre Germana 2
485,400046425,Jardins do Cerrado 9,Res. Jardins do Cerrado 9
486,400046144,Maringá,Vilag Maringa
488,400046005,Primavera,Res. Primavera
489,400003592,Califórnia,Chácara Califórnia
490,400046164,Serra Azul I,Res. Serra Azul I
491,400030292,Santa Helena,Vila Santa Helena
492,400007892,Progresso,Setor Progresso
493,400046459,Parque Mendanha,Res. Parque Mendanha
497,400008392,Caiçara,Conjunto Caicara
498,400046163,Jardim Camargo,Res. Jardim Camargo
509,400045964,Carolina Parque,Carolina Parque
506,400024392,Mariliza,Jd. Mariliza
760,400046246,,Gleba
499,400010692,Morais,Vila Morais
500,400046479,,Gleba
501,400022392,da Luz,Jd. da Luz
502,400019592,Rizzo,Vila Rizzo
503,400046024,Parque Oeste,Res. Parque Oeste
504,400046393,Solange Parque - Extensão,Solange Parque - Extensão
505,400046057,Ytapuã,Res. Ytapuã
507,400046107,Novo Mundo - Extensão,Jd. Novo Mundo – Extensão
508,400046482,Santa Fé I,Res. Santa Fe I
510,400007792,Perim,Setor Perim
516,400037392,Cidade Verde,Res. Cidade Verde
518,400046012,Portal do Sol II,Portal do Sol II
519,400046038,Santa Cecília,Jd. Santa Cecilia
520,400046125,das Laranjeiras Acréscimo,Parque das Laranjeiras Acréscimo
521,400046105,Condomínio: Privê dos Girassóis,Condomínio: Privê dos Girassóis
774,400046442,Valencia,Res. Valência
522,400037292,Felicidade,Res. Felicidade
525,400035692,Água Branca,Água Branca
527,400045934,Vista Bela,Jd. Vista Bela
775,400014392,Chácara Santa Rita Gleba,Gleba
532,400046269,Dom Rafael,Res. Dom Rafael
533,400046111,São Bernardo,Res. São Bernardo
746,400045962,Res. Della Pena,Res. Della Pena
529,400012392,Maria Luiza,Vila Maria Luiza
530,400046138,Barra da Tijuca,Setor Barra da Tijuca
531,400046135,Guanabara,Res. Guanabara
599,400046505,,Gleba
535,400046052,São Marcos,Res. São Marcos
536,400046174,Campos Dourados,Res. Campos Dourados
539,400046365,,Gleba
540,400045946,Aruanã,Res. Aruana
541,400045944,Residencial Itália,Res. Itália
542,400007092,Morada do Sol,Setor Morada do Sol
611,400046468,,Gleba
789,400036392,dos Dourados,Setor dos Dourados
543,400015092,Lucy,Vila Lucy
544,400046419,Jardins do Cerrado 2,Res. Jardins do Cerrado 2
549,400004892,Jardim Diamantina,Jardim Diamantina
550,400046395,Perim,Res. Perim
545,400005292,Gentil Meirelles,Setor Gentil Meirelles
546,400046006,Tropical Ville,Tropical Ville
547,400046141,Mansões Paraíso,Res. Mansões Paraíso
548,400045921,Canadá,Res. Canadá
551,400046398,Jardins Valência,Jd. Valência
552,400046267,Serra Azul II,Res. Serra Azul II
553,400016392,Rodoviário,Rodoviário
612,400046463,,Gleba
554,400046131,Humaita,Res. Humaita
555,400015392,Santa Rita,Chácara Santa Rita
604,400046496,,Gleba
557,400029792,Mansões Goianas,Mansões Goianas
558,400027992,União,Setor União
559,400046041,Sevilha,Res. Sevilha
560,400046202,Fonte Nova I,Jd. Fonte Nova I
561,400046071,Brisas da Mata,Res. Brisas da Mata
579,400025892,Guadalajara,Conjunto Guadalajara
580,400037592,Buriti,Parque Buriti
562,400045985,Maracanã,Parque Maracana
563,400045958,Tempo Novo,Res. Tempo Novo
564,400046014,Presidente - Extensão I,Jd. Presidente - Extensão I
565,400005392,Guanabara III,Jd. Guanabara III
566,400045915,Balneário,Res. Balneário
567,400046007,Aldeia do Vale,Res. Aldeia do Vale
568,400046193,Vale das Brisas,Res. Vale das Brisas
605,400046495,,Gleba
569,400046143,Madri Complemento,Jd. Madri Complemento
571,400019392,dos Funcionários,Setor dos Funcionários
572,400046465,Buena Vista III,Res. Buena Vista III
574,400046109,Belo Horizonte Complemento,Res. Belo Horizonte Complemento
581,400013392,Cristina,Vila Cristina
613,400046462,,Gleba
575,400023092,Santo Antônio,Jd. Santo Antônio
576,400028092,Bela,Vila Bela
577,400046277,Santa Maria,Res. Santa Maria
578,400045926,Atalaia,Vila Atalaia
583,400045968,Portal do Sol I,Portal do Sol I
584,400046075,Belo Horizonte,Res. Belo Horizonte
585,400046373,,Gleba
586,400009992,Martins,Vila Martins
587,400046423,Jardins do Cerrado 8,Res. Jardins do Cerrado 8
588,400045950,São Leopoldo,Res. São Leopoldo
590,400046454,Mundo Novo 2,Res. Mundo Novo 2
595,400027692,Novo Horizonte,Setor Novo Horizonte
598,400046394,Ville de France 1,Res. Ville de France 1
607,400046492,,Gleba
614,400035592,,Gleba
629,400046593,Gleba A,Gleba
630,400007692,,Gleba
631,400046312,Gleba A,Gleba
634,400046547,Faz São Domingos,Fazenda São Domingos
635,400046245,Clube do Japonês,Clube do Japonês
636,400046244,Clube dos Bancários,Clube dos Bancários
972,400046100,Anhangüera,Chácara Anhanguera
637,400046008,Monte Verde,Gleba
638,400046011,Clube Alphaville Flamboyant,Clube Alphaville Flamboyant
645,400046384,,Gleba
648,400046636,,Gleba
649,400046638,,Gleba
652,400046203,Barravento Complemento,Res. Mirante
653,400046615,Retiro,Gleba
640,400046227,Frigorífico Friboi,Gleba
642,400009592,Irmãs Franciscanas dos Pobres,Gleba
643,400046295,,Gleba
650,400046644,,Gleba
658,400046549,,Gleba
659,400046548,,Gleba
661,400046564,,Gleba
947,400014092,Mirabel,Jd. Mirabel
663,400046569,Estâncias Vista Alegre,Estâncias Vista Alegre
680,400045914,Barravento,Res. Barravento
664,400046563,Retiro ou Petrópolis,Faz Retiro ou Petrópolis
665,400046540,Vau das Pombas,Chácara Vau das Pombas
668,400046577,,Gleba
670,400046617,Condomínio: Residencial Irisville,Cond. Residencial Irisville
675,400046602,,Gleba
683,400046253,do Lago 2ª e 3ª Etapas,Cond. do Lago 2a e 3a Etapas
684,400046123,Jardim Helou,Res. Jardim Helou
672,400046513,,Gleba
677,400046599,,Gleba
685,400036092,Marlene,Gleba
921,400004392,Retiro,Chácara Retiro
686,400014292,Goiá Setor Veloso,Goiá Setor Veloso
687,400046059,Mooca - Complemento,Vila Mooca - Complemento
688,400028392,Presidente,Jd. Presidente
689,400028492,Anhangüera II,Parque Anhanguera II
690,400046249,,Gleba
691,400005592,Nossa Senhora da Piedade,Chácara Nossa Senhora da Piedade
692,400010092,Botafogo,Chácara Botafogo
697,400029192,Jardim Botânico,Jardim Botânico
699,400045941,Sônia Maria,Jd. Sonia Maria
700,400045893,Monte Carlo,Res. Monte Carlo
701,400045894,Tancredo Neves,Jd. Tancredo Neves
750,400046639,,Gleba
703,400046137,do Lago,Cond. do Lago
711,400036192,Itaipu,Jd. Itaipu
741,400046634,,Gleba
712,400024992,Petrópolis,Jd. Petrópolis
715,400017892,Sol Nascente,Setor Sol Nascente
749,400045969,Forteville,Res. Forteville
743,400046329,,Gleba
714,400017592,Sudoeste,Setor Sudoeste
748,400045957,Rio Verde,Res. Rio Verde
721,400018792,Centro Oeste,Setor Centro Oeste
722,400003692,Casa Grande,Vilag Casa Grande
723,400031292,,Gleba
732,400046447,Carlos de Freitas,Res. Carlos de Freitas
733,400046561,,Gleba
724,400030692,Criméia Oeste,Setor Criméia Oeste
725,400024192,Jardim Vitória,Vila Jardim Vitoria
727,400046152,Vilage Santa Rita,Chácara Vilage Santa Rita
728,400046408,,Gleba
729,400046597,,Gleba
730,400046519,Condomínino: Res.. Atibaia,Gleba
731,400046629,Empresarial,Setor Empresarial
734,400046146,Jardins Milão,Res. Jardins Milão
735,400007292,Industrial Pedro Abrão,Zona Industrial Pedro Abrão
736,400013292,Condomínio: Residencial Malibu,Condomínio: Residencial Malibu
737,400029492,Maria Dilce,Chácara Maria Dilce
738,400046234,,Gleba
739,400046236,,Gleba
747,400046571,,Gleba
751,400046009,Alphaville Flamboyant/Res. Arag,Alphaville Flamboyant/Res. Arag
752,400032992,Park Lozandes,Park Lozandes
753,400046035,Aruanã Park,Aruanã Park
754,400008092,,Gleba
758,400022192,,Gleba
1082,400046134,London Park,Res. London Park
755,400024092,Parque das Laranjeiras,Parque das Laranjeiras
756,400022292,Alto da Glória,Vila Alto da Glória
757,400038492,Bom Jesus,Parque Bom Jesus
759,400046427,Portal da Mata,Res. Portal da Mata
763,400020092,Granville,Res. Granville
818,400045936,Parque Flamboyant,Res. Parque Flamboyant
764,400046000,dos Cisnes,Parque dos Cisnes
766,400045933,dos Ipês,Res. dos Ipês
768,400046637,,Gleba
769,400045990,Centerville,Res. Center Ville
772,400007992,Jaó,Setor Jaó
773,400046607,Brisas do Cerrado,Res. Brisas do Cerrado
832,400046616,Condomínio: Res.. Paulo Pacheco,Condomínio: Res. Paulo Pacheco
776,400006592,Monticelli,Vila Monticelli
777,400046168,San Marino,Res. San Marino
778,400046458,Imperial,Jd. Imperial
779,400046025,Nova Aurora,Res. Nova Aurora
780,400046096,Lírios do Campo,Res. Lírios do Campo
781,400046298,,Res. dos Ipês - Extensão
782,400029092,Maysa Extensão,Setor Maysa Extensão
786,400046632,,Gleba
787,400046251,Arco Verde,Res. Arco Verde
788,400046085,Santa Fé,Res. Santa Fé
790,400046640,,Gleba
791,400046368,,Gleba
794,400046316,,Gleba
792,400034792,Atheneu,Parque Atheneu
793,400046029,Bonanza,Jd. Bonanza
809,400027292,Luciana,Vila Luciana
796,400016492,Aurora Oeste,Vila Aurora Oeste
797,400046261,Privê Ilhas do Caribe,Res. Privê Ilhas do Caribe
800,400046606,,Gleba
801,400023692,Santa Cruz,Parque Santa Cruz
803,400046378,,Gleba
805,400045974,Goiá 4,Goia IV
806,400046090,U.C.G - CAMPUS II,Gleba
807,400046428,Frei Galvão,Res. Frei Galvão
811,400027192,Eldorado Expansão,Res. Eldorado Expansão
816,400033292,Sul,Setor Sul
820,400046106,Condomínio: Housing Flamboyant,Cond Housing Flamboyant
821,400046426,Jardins do Cerrado 7,Res. Jardins do Cerrado 7
822,400046641,,Gleba
873,400046206,Gramado I,Jd. Gramado I
824,400046110,Itamaraca,Res. Itamaraca
825,400046453,Mundo Novo 3,Res. Mundo Novo 3
827,400046431,Jardins do Cerrado 6,Res. Jardins do Cerrado 6
828,400046156,Privê Itanhangã,Res. Prive Itanhangã
829,400046157,Elza Fronza,Prive Elza Fronza - 1a Etapa
867,400045972,Itaipú,Res. Itaipú
830,400046382,Rio Branco,Chácara Rio Branco
831,400046068,das Flores,Parque das Flores
869,400046573,Coronel Álvaro Alves Júnior,Res. Coronel Álvaro Alves Júnior
833,400045092,,Gleba
834,400006892,Industrial Paulista,Parque Industrial Paulista
835,400028592,Anhangüera,Parque Anhanguera
870,400036892,Eldorado Oeste,Parque Eldorado Oeste
885,400046631,,Gleba
886,400046232,,Gleba
836,400046305,,Gleba
837,400007592,Regina,Vila Regina
871,400046590,,Gleba
887,400046235,,Gleba
838,400028692,Atlântico,Jd. Atlântico
839,400020492,Faiçalville,Faicalville
840,400046155,Pindorama,Sir Pindorama
841,400045913,Fonte Nova,Jd. Fonte Nova
842,400045952,Alto do Vale,Setor Alto do Vale
843,400020392,Vila Boa,Jd. Vila Boa
845,400046126,Caraíbas,Sir Caraíbas
847,400046369,,Gleba
872,400046438,Monte Pascoal I,Res. Monte Pascoal I
889,400046348,,Setor Marabá Extensão
890,400046231,,Gleba
848,400024692,Finsocial,Vila Finsocial
849,400046622,,Gleba
850,400046611,Privê Casa Branca,Gleba
851,400046613,,Gleba
852,400003792,Jardim Pompéia,Vila Jardim Pompéia
853,400046210,,Gleba
857,400046582,,Gleba
860,400045896,Ulisses Guimarães,Setor Ulisses Guimarães
915,400045959,Senador Paranhos,Res. Senador Paranhos
874,400046033,das Acácias,Res. das Acácias
876,400034492,Jardim das Esmeraldas,Jardim das Esmeraldas
879,400046242,Privê Elza Fronza,Privê Elza Fronza
880,400046293,,Gleba
881,400036692,Mansões do Campus,Sir Mansões do Campus
891,400045292,,Gleba
892,400023992,do Governador,Chácara do Governador
893,400023492,Acalanto,Parque Acalanto
894,400046064,Noroeste,Setor Noroeste
923,400046546,Gleba 1,Gleba
883,400038092,Samambaia,Chácara Samambaia
895,400045970,Marabá,Setor Maraba
896,400046065,,Gleba
898,400046481,,Gleba
910,400046230,,Gleba
1071,400046390,Mutirão II,Vila Mutirão II
897,400045948,Solar Bougainville,Res. Solar Bougainville
902,400029692,Sevene,Setor Sevene
912,400045998,Santa Rita - 8a etapa,Cond. Santa Rita - 9a etapa
899,400046392,Moinho dos Ventos,Moinho dos Ventos
900,400046443,Brasil Central,Res. Brasil Central
913,400045997,Santa Rita - 9a etapa,Cond. Santa Rita - 8a etapa
903,400046030,Hugo Moraes,Res. Hugo de Moraes
904,400046076,Maria Helena,Jd. Maria Helena
905,400045971,Tupynambá dos Reis,Tupynambá dos Reis
961,400020192,,Gleba
962,400046586,Condomínio: Residencial Havay,Condomínio: Residencial Havay
906,400026992,Rio Branco,Cond. Rio Branco
907,400026892,Aritana,Jd. Aritana
909,400007392,João Vaz,Vila João Vaz
914,400046240,,Gleba
916,400008692,Recanto das Minas Gerais,Setor Recanto das Minas Gerais
917,400045892,Aeroporto Santa Genoveva,Gleba
1034,400018092,Santa Tereza,Vila Santa Tereza
918,400046214,Ceasa,Gleba
924,400006092,Mansões Bernardo Sayão,Sir Mansões Bernardo Sayão
927,400046172,Ipanema,Jd. Ipanema
928,400045989,Madri,Jd. Madri
929,400008792,Vila Pedroso,Vila Pedroso
930,400046225,,Gleba
931,400045912,São Carlos,São Carlos
932,400031592,Viana,Vila Viana
933,400045920,Cristina,Setor Cristina
934,400037892,Garavelo,Setor Garavelo
935,400032492,Santo Hilário,Santo Hilário
936,400045963,OrientVille,Setor OrientVille
937,400037992,Caravelas,Jd. Caravelas
938,400046315,,Gleba
940,400046114,São Domingos,Sit São Domingos
941,400046532,Jardim Primavera,Jardim Primavera
943,400003292,São Geraldo,Sir São Geraldo
965,400034392,Serrinha,Serrinha
944,400046010,Alphaville Flamboyant,Alphaville Flamboyant
945,400045908,São Domingos,São Domingos
946,400045909,Boa Vista,Boa Vista
948,400003892,Maria Rosa,Vila Maria Rosa
949,400025292,Rodoviário,Cjr Rodoviário
950,400025392,,Gleba
1064,400045910,Floresta,Floresta
951,400003992,Jardim São Judas Tadeu,Vila Jardim São Judas Tadeu
958,400030792,Megale,Vila Megale
966,400010792,Elísio Campos,Chácara Elisios Campos
968,400020892,Nova Suiça,Nova Suiça
969,400034292,Parque Amazônia,Parque Amazônia
970,400046211,,Gleba
973,400028792,Rosa,Vila Rosa
974,400046430,Bela Goiania,Res. Bela Goiânia
975,400014692,Adélia,Vila Adélia
976,400014992,Nova Canaã,Vila Nova Canaã
977,400045965,Carolina Parque Extensão,Carolina Parque Extensão
979,400046087,Três Marias,Setor Três Marias
980,400014492,Adélia I e II,Vila Adéllia I e III
981,400046074,Santo Hilário - Complemento,Santo Hilário - Complemento
982,400045953,Real,Jd. Real
983,400046356,,Setor Três Marias I
984,400046081,Alphaville,Jd. Alphaville
985,400046170,Alphaville,Jd. Alphavilly I
986,400046089,Salinos,Chácara Salinos
987,400045922,Vereda dos Buritis,Res. Vereda dos Buritis
988,400006792,Santos Dumont,Setor Santos Dumont
1030,400046383,,Gleba
991,400009692,das Amendoeiras,Parque das Amendoeiras
992,400046078,das Amendoeiras I,Parque das Amendoeiras I
993,400046095,Buritis,Chácara Buritis
1032,400016992,Morada Nova,Conjunto Morada Nova
996,400046291,de Recreio São Joaquim,Chácara de Recreio São Joaquim
997,400026192,Industrial João Braz,Parque Industrial João Braz
998,400046139,Goiânia Golfe Clube,Res. Goiânia Golfe Clube
999,400019292,Vera Cruz,Vila Vera Cruz
1000,400030192,Perdiz,Vila Perdiz
1001,400030092,Viandelli,Vila Viandelli
1002,400045902,,Chácara Tocafundo
1003,400031092,Norte Ferroviário II,Setor Norte Ferroviário II
1004,400017992,Bethel,Vila Bethel
1005,400011192,Leste Vila Nova,Setor Leste Vila Nova
1007,400031192,Norte Ferroviário,Setor Norte Ferroviário
1008,400011292,Nova Vila,Nova Vila
1010,400011092,Negrão de Lima,Setor Negrão de Lima
1011,400010192,Califórnia - Parque Industrial,Jd. Califórnia - Parque Industrial
1012,400046116,Antônio Barbosa,Res. Antônio Barbosa
1013,400003192,Shangri-la,Chácara Shangri-la
1014,400046056,Monte Pascoal,Res. Monte Pascoal
1015,400046445,João Bueno,Res. João Bueno
1016,400046097,São José,Jd. São José
1017,400012592,Santa Bárbara,Chácara Santa Bárbara
1018,400014192,Goiá 2,Goiá 2
1019,400013992,Goiá,Goiá
1020,400032292,,Gleba
1033,400016692,Aurora,Vila Aurora
1023,400045897,Retiro,Chácara Retiro
1027,400046452,Lageado,Res. Lageado
1029,400038292,,Gleba
1035,400026092,Santa Rita,Vila Santa Rita
1036,400046623,Santa Rita Acréscimo,Vila Santa Rita Acréscimo
1051,400046108,Hawaí,Res. Hawai
1037,400025492,Industrial Mooca,Industrial Mooca
1039,400025992,Nossa Senhora de Fátima,Nossa Senhora de Fátima
1040,400046032,Guarema,Res. Guarema
1041,400019692,Santa Rita,Parque Santa Rita
1042,400046180,Kátia,Res. Kátia
1052,400046435,Florida,Res. Flórida
1053,400019892,Recreio do Funcionário Publico,Recreio do Funcionário Público
1046,400046084,das Esmeraldas,Cond. das Esmeraldas
1047,400007492,Capuava,Capuava
1054,400046444,Bonanza,Res. Porto Dourado
1055,400024892,Candida de Morais,Setor Candida de Morais
1056,400025092,Ipiranga,Ipiranga
1057,400025192,São Francisco,São Francisco
1058,400035892,Habitacional Aruanã III,Conjunto Habitacional Aruanã III
1084,400046604,,Gleba
1059,400046600,,Gleba
1060,400004692,das Nações,Parque das Nações
1061,400046117,Ipê,Jd. Ipê
1065,400001492,Curitiba,Jd. Curitiba
1066,400045919,da Vitória,da Vitória
1068,400001592,Fortaleza,Res. Fortaleza
1069,400001892,,Gleba
1070,400001692,Liberdade,Jd. Liberdade
1072,400024492,Parque Tremendão,Setor Parque Tremendão
1075,400001992,Novo Planalto,Setor Novo Planalto
1085,400046224,,Gleba
1076,400045980,Privê Norte,Res. Privê Norte
1077,400015292,Mauá,Vila Mauá
1079,400045982,Solar Santa Rita,Setor Solar Santa Rita
1081,400046198,,Gleba
1088,400027592,Celina Park,Celina Park
1089,400027392,Dona Gê,Chácara Dona Gê
1090,400045955,Solar Ville,Res. Solar Ville
1091,400021792,Vila Maria José,Vila Maria José
1093,400046158,João Paulo II,Res. João Paulo II
1094,400046124,Vale dos Sonhos I,Res. Vale dos Sonhos I
1096,400046517,,Gleba
